"","Alcoholic.Beverages","Animal.fats","Animal.Products","Aquatic.Products..Other","Cereals...Excluding.Beer","Eggs","Fish..Seafood","Fruits...Excluding.Wine","Meat","Milk...Excluding.Butter","Miscellaneous","Offals","Oilcrops","Pulses","Spices","Starchy.Roots","Stimulants","Sugar...Sweeteners","Sugar.Crops","Treenuts","Vegetable.Oils","Vegetables","Vegetal.Products","Obesity","Deaths","Population","kcal_Alcoholic.Beverages","kcal_Animal.Products","kcal_Animal.fats","kcal_Aquatic.Products..Other","kcal_Cereals...Excluding.Beer","kcal_Eggs","kcal_Fish..Seafood","kcal_Fruits...Excluding.Wine","kcal_Meat","kcal_Milk...Excluding.Butter","kcal_Miscellaneous","kcal_Offals","kcal_Oilcrops","kcal_Pulses","kcal_Spices","kcal_Starchy.Roots","kcal_Stimulants","kcal_Sugar.Crops","kcal_Sugar...Sweeteners","kcal_Treenuts","kcal_Vegetal.Products","kcal_Vegetable.Oils","kcal_Vegetables","fat_Alcoholic.Beverages","fat_Animal.Products","fat_Animal.fats","fat_Aquatic.Products..Other","fat_Cereals...Excluding.Beer","fat_Eggs","fat_Fish..Seafood","fat_Fruits...Excluding.Wine","fat_Meat","fat_Miscellaneous","fat_Milk...Excluding.Butter","fat_Offals","fat_Oilcrops","fat_Pulses","fat_Spices","fat_Starchy.Roots","fat_Stimulants","fat_Sugar.Crops","fat_Sugar...Sweeteners","fat_Treenuts","fat_Vegetal.Products","fat_Vegetable.Oils","fat_Vegetables","protein_Alcoholic.Beverages","protein_Animal.Products","protein_Animal.fats","protein_Aquatic.Products..Other","protein_Cereals...Excluding.Beer","protein_Eggs","protein_Fish..Seafood","protein_Fruits...Excluding.Wine","protein_Meat","protein_Milk...Excluding.Butter","protein_Offals","protein_Oilcrops","protein_Pulses","protein_Spices","protein_Starchy.Roots","protein_Stimulants","protein_Sugar.Crops","protein_Sugar...Sweeteners","protein_Treenuts","protein_Vegetal.Products","protein_Vegetable.Oils","protein_Vegetables","protein_Miscellaneous"
"Alcoholic.Beverages",1,0.435,0.355,0.06,-0.369,0.155,-0.011,-0.199,0.335,0.267,-0.006,-0.01,-0.16,-0.208,-0.088,-0.066,0.047,0.128,-0.199,-0.105,-0.095,-0.271,-0.355,0.164,0.409,-0.1,0.822,0.402,0.444,0.055,-0.392,0.238,0.047,-0.132,0.372,0.203,0.017,0.07,-0.099,-0.182,-0.062,-0.052,0.241,-0.192,0.155,-0.003,-0.402,0.11,-0.163,0.102,0.331,0.382,0.051,-0.204,0.076,-0.051,-0.144,0.242,-0.033,0.08,-0.109,-0.129,-0.206,-0.098,-0.115,0.162,-0.149,-0.129,-0.094,-0.331,-0.166,-0.277,0.89,0.386,0.371,0.057,-0.375,0.23,-0.005,-0.16,0.387,0.253,0.043,0.037,-0.18,-0.062,-0.044,0.115,-0.202,0.029,-0.024,-0.386,0.285,-0.205,-0.001
"Animal.fats",0.435,1,0.631,0.004,-0.416,0.281,-0.068,-0.24,0.324,0.571,-0.057,-0.046,-0.158,-0.336,-0.179,-0.216,0.269,0.183,-0.125,0.049,-0.128,-0.015,-0.631,0.381,0.491,-0.096,0.531,0.647,0.898,0.005,-0.447,0.418,0.027,-0.154,0.393,0.445,-0.03,0.063,-0.206,-0.324,-0.173,-0.22,0.415,-0.124,0.201,0.243,-0.647,0.187,0.08,-0.018,0.543,0.833,-0.004,-0.38,0.197,-0.125,-0.156,0.145,-0.132,0.277,-0.178,-0.284,-0.313,-0.229,-0.266,0.258,-0.095,-0.075,0.152,-0.543,-0.254,-0.132,0.423,0.527,0.902,0.004,-0.399,0.409,-0.059,-0.193,0.381,0.532,-0.017,-0.267,-0.338,-0.181,-0.145,0.322,-0.141,-0.018,0.196,-0.527,0.516,-0.009,-0.07
"Animal.Products",0.355,0.631,1,0,-0.539,0.486,-0.008,-0.207,0.586,0.901,0.08,0.106,-0.255,-0.442,-0.187,-0.519,0.311,0.273,-0.141,0.088,-0.051,0.072,-1,0.545,0.539,0.001,0.515,0.911,0.675,-0.004,-0.552,0.625,0.078,-0.147,0.666,0.859,0.139,0.235,-0.322,-0.436,-0.168,-0.499,0.511,-0.146,0.448,0.294,-0.911,0.26,0.193,-0.056,0.771,0.633,0.001,-0.547,0.399,-0.14,-0.2,0.355,0.007,0.693,-0.102,-0.453,-0.455,-0.284,-0.534,0.375,-0.15,-0.102,0.158,-0.771,-0.32,-0.128,0.215,0.837,0.486,-0.003,-0.588,0.559,-0.079,-0.252,0.609,0.871,0.091,-0.408,-0.481,-0.213,-0.425,0.338,-0.166,0.062,0.181,-0.837,0.533,-0.007,0.074
"Aquatic.Products..Other",0.06,0.004,0,1,-0.009,0.073,0.169,-0.042,0.071,-0.096,-0.048,0.026,0.026,-0.076,-0.031,-0.068,-0.045,-0.017,-0.021,0.025,0.058,0.135,0,-0.106,-0.067,0.024,0.054,0.015,-0.001,0.999,-0.01,0.076,0.183,-0.049,0.052,-0.099,-0.055,0.021,0.038,-0.077,-0.034,-0.056,-0.047,-0.017,0.018,0.058,-0.015,0.067,0.162,0.773,0.001,0.001,0.979,-0.078,0.076,0.118,-0.039,0.046,-0.06,-0.11,-0.004,-0.007,-0.065,-0.043,-0.047,-0.049,-0.018,-0.009,0.045,-0.001,0.049,0.138,0.24,0.062,0.032,0.998,-0.078,0.078,0.18,-0.045,0.047,-0.098,0.033,0.104,-0.077,-0.033,-0.06,-0.044,-0.008,0.115,0.034,-0.062,-0.075,0.202,-0.063
"Cereals...Excluding.Beer",-0.369,-0.416,-0.539,-0.009,1,-0.223,-0.017,-0.292,-0.428,-0.444,-0.123,0.067,-0.015,0.318,0.175,-0.099,-0.097,-0.149,0.189,-0.059,0.211,-0.095,0.539,-0.545,-0.395,0.077,-0.552,-0.677,-0.486,-0.011,0.942,-0.398,-0.17,-0.397,-0.591,-0.527,-0.21,-0.152,0.027,0.179,0.074,-0.157,-0.445,0.178,-0.282,-0.228,0.677,-0.172,-0.258,0.078,-0.533,-0.416,-0.02,0.649,-0.171,0.032,-0.163,-0.352,-0.1,-0.356,0.149,0.135,0.229,0.175,-0.08,-0.371,0.19,0.17,-0.1,0.533,0.288,-0.035,-0.357,-0.697,-0.368,-0.016,0.878,-0.346,-0.081,-0.33,-0.604,-0.532,-0.098,0.216,0.182,0.111,-0.218,-0.25,0.166,-0.067,-0.142,0.697,-0.38,-0.162,-0.17
"Eggs",0.155,0.281,0.486,0.073,-0.223,1,0.212,-0.033,0.474,0.273,0.081,-0.046,-0.201,-0.328,0.062,-0.45,0.222,0.348,-0.154,0.186,0.171,0.157,-0.486,0.418,0.343,0.126,0.258,0.488,0.336,0.055,-0.284,0.95,0.223,-0.105,0.405,0.287,0.134,0.011,-0.264,-0.34,0.019,-0.439,0.265,-0.132,0.489,0.258,-0.488,0.267,0.183,0.012,0.422,0.312,0.087,-0.381,0.916,0.087,-0.104,0.24,0.063,0.174,-0.224,-0.36,-0.365,-0.122,-0.428,0.199,-0.15,0.021,0.196,-0.422,-0.068,-0.028,0.035,0.545,0.219,0.068,-0.35,0.958,0.138,-0.164,0.418,0.31,-0.041,-0.24,-0.364,-0.012,-0.397,0.242,-0.069,0.135,0.16,-0.546,0.23,0.069,0.121
"Fish..Seafood",-0.011,-0.068,-0.008,0.169,-0.017,0.212,1,0.054,0.166,-0.316,0.422,-0.059,0.248,-0.217,0.257,-0.082,0.03,0.142,-0.027,0.148,0,-0.095,0.008,-0.122,-0.225,0.063,-0.004,0.12,-0.044,0.161,-0.11,0.181,0.953,0.04,0.147,-0.136,0.425,-0.058,0.268,-0.218,0.238,-0.046,0.057,-0.003,0.072,0.133,-0.119,-0.075,-0.049,0.124,0.049,-0.073,0.189,-0.18,0.24,0.85,-0.029,0.121,0.462,-0.252,-0.138,0.242,-0.199,0.151,-0.039,0.037,0.002,0.187,0.138,-0.049,-0.144,-0.062,-0.043,0.279,-0.003,0.173,-0.285,0.137,0.952,0,0.097,-0.223,-0.085,0.246,-0.219,0.181,-0.086,-0.023,0.065,-0.028,0.069,-0.279,-0.043,-0.052,0.371
"Fruits...Excluding.Wine",-0.199,-0.24,-0.207,-0.042,-0.292,-0.033,0.054,1,0.035,-0.246,0.121,-0.149,0.179,0.053,0.019,0.01,-0.083,0.01,0.005,-0.013,-0.063,-0.062,0.207,0.162,-0.056,-0.053,-0.084,-0.07,-0.172,-0.042,-0.265,-0.054,0.09,0.879,0.051,-0.119,0.176,-0.095,0.113,0.159,0.074,0.077,-0.077,0.017,0.149,-0.055,0.07,-0.04,-0.038,-0.108,-0.036,-0.157,-0.044,-0.174,-0.022,0.075,0.545,0.126,0.177,-0.119,-0.048,0.113,0.1,0.02,0.157,-0.042,0.001,0.069,-0.052,0.036,-0.023,0.015,-0.188,0.047,-0.163,-0.036,-0.227,-0.027,0.127,0.894,0.121,-0.118,-0.045,-0.046,0.175,0.038,0.055,-0.053,0.034,0.109,-0.05,-0.047,-0.097,-0.007,0.218
"Meat",0.335,0.324,0.586,0.071,-0.428,0.474,0.166,0.035,1,0.24,0.273,0.293,-0.105,-0.354,-0.11,-0.379,0.181,0.427,-0.158,0.061,0.148,-0.054,-0.586,0.554,0.281,-0.029,0.389,0.7,0.407,0.066,-0.529,0.479,0.161,-0.047,0.875,0.303,0.333,0.325,-0.141,-0.374,-0.105,-0.371,0.304,-0.154,0.541,0.151,-0.701,0.258,-0.01,-0.004,0.602,0.358,0.087,-0.485,0.281,-0.084,-0.127,0.686,0.21,0.102,0.03,-0.303,-0.422,-0.221,-0.407,0.211,-0.16,-0.067,0.016,-0.602,-0.231,-0.265,0.123,0.785,0.257,0.077,-0.605,0.44,0.058,-0.121,0.943,0.283,0.261,-0.228,-0.414,-0.19,-0.347,0.19,-0.159,0.036,0.079,-0.785,0.304,-0.127,0.317
"Milk...Excluding.Butter",0.267,0.571,0.901,-0.096,-0.444,0.273,-0.316,-0.246,0.24,1,-0.102,0.009,-0.298,-0.299,-0.23,-0.413,0.269,0.107,-0.087,0.035,-0.114,0.113,-0.9,0.434,0.543,-0.012,0.423,0.723,0.59,-0.097,-0.395,0.436,-0.208,-0.144,0.384,0.892,-0.059,0.142,-0.365,-0.283,-0.202,-0.402,0.44,-0.102,0.28,0.232,-0.723,0.208,0.222,-0.115,0.621,0.57,-0.108,-0.386,0.242,-0.335,-0.164,0.114,-0.168,0.812,-0.101,-0.444,-0.293,-0.266,-0.429,0.33,-0.105,-0.139,0.128,-0.62,-0.237,-0.036,0.189,0.572,0.418,-0.103,-0.363,0.385,-0.345,-0.225,0.306,0.93,0.009,-0.432,-0.319,-0.21,-0.319,0.304,-0.143,0.056,0.149,-0.572,0.493,0.041,-0.113
"Miscellaneous",-0.006,-0.057,0.08,-0.048,-0.123,0.081,0.422,0.121,0.273,-0.102,1,0.02,0.012,-0.055,0.089,-0.162,0.104,0.308,-0.095,-0.01,0.037,-0.08,-0.08,0.111,-0.165,-0.041,0.038,0.204,-0.018,-0.043,-0.141,0.057,0.421,0.042,0.247,0.1,0.95,0.018,-0.002,-0.08,0.113,-0.155,0.267,-0.082,0.209,0.048,-0.204,-0.07,-0.063,-0.057,0.174,-0.017,-0.022,-0.075,0.043,0.339,-0.034,0.213,0.951,0.039,-0.081,-0.053,-0.115,0.085,-0.145,0.279,-0.074,-0.049,0.074,-0.174,-0.168,-0.105,-0.13,0.249,0.012,-0.044,-0.219,0.002,0.333,0.009,0.222,0.013,-0.026,-0.058,-0.092,0.017,-0.15,0.069,-0.06,-0.095,0.008,-0.249,0.148,-0.097,0.901
"Offals",-0.01,-0.046,0.106,0.026,0.067,-0.046,-0.059,-0.149,0.293,0.009,0.02,1,-0.049,-0.076,-0.16,-0.021,-0.067,-0.056,0.016,-0.113,-0.082,-0.034,-0.106,-0.121,-0.121,0.143,-0.021,0.139,-0.054,0.035,0.06,-0.033,-0.084,-0.132,0.289,0.023,0.022,0.94,0.041,-0.127,-0.167,-0.025,0.005,0.008,-0.106,-0.112,-0.139,-0.15,-0.044,0.05,0.159,-0.06,0.079,0.109,-0.065,-0.113,-0.092,0.313,-0.007,0.018,0.884,0.015,-0.114,-0.162,-0.074,0.013,-0.011,0.054,-0.111,-0.159,-0.203,-0.072,-0.043,0.128,-0.081,0.03,-0.038,-0.071,-0.117,-0.17,0.241,-0.061,0.927,0.107,-0.157,-0.163,-0.086,-0.035,0.018,-0.021,-0.116,-0.129,-0.169,-0.079,-0.006
"Oilcrops",-0.16,-0.158,-0.255,0.026,-0.015,-0.201,0.248,0.179,-0.105,-0.298,0.012,-0.049,1,0.008,0.057,0.117,-0.154,-0.039,-0.045,-0.137,-0.1,-0.209,0.255,-0.002,-0.237,-0.032,-0.212,-0.166,-0.14,0.03,-0.037,-0.22,0.275,0.193,-0.074,-0.257,0,-0.086,0.936,0.004,0.044,0.126,-0.17,-0.045,-0.131,-0.188,0.166,-0.168,-0.199,0.027,-0.24,-0.173,0.023,-0.037,-0.208,0.231,0.027,-0.106,-0.011,-0.276,-0.102,0.849,-0.011,0.025,0.13,-0.165,-0.041,0.087,-0.182,0.24,-0.205,-0.182,-0.131,-0.09,-0.097,0.051,-0.049,-0.205,0.352,0.258,-0.081,-0.272,-0.066,0.5,0.012,0.062,0.184,-0.142,-0.044,-0.043,-0.169,0.09,-0.147,-0.155,0.017
"Pulses",-0.208,-0.336,-0.442,-0.076,0.318,-0.328,-0.217,0.053,-0.354,-0.299,-0.055,-0.076,0.008,1,0.123,0.237,-0.159,-0.138,-0.011,-0.138,-0.007,-0.168,0.442,-0.381,-0.332,0.062,-0.357,-0.52,-0.357,-0.072,0.291,-0.428,-0.275,0.028,-0.465,-0.337,-0.117,-0.207,0.098,0.964,0.064,0.217,-0.397,-0.017,-0.209,-0.245,0.52,-0.189,-0.271,-0.077,-0.466,-0.328,-0.086,0.447,-0.345,-0.164,0.265,-0.347,-0.06,-0.198,0.003,0.223,0.893,0.197,0.291,-0.369,-0.007,0.003,-0.174,0.466,0.15,-0.122,-0.147,-0.587,-0.305,-0.079,0.269,-0.418,-0.243,0.055,-0.458,-0.347,-0.194,0.178,0.949,0.068,0.132,-0.269,-0.058,-0.051,-0.22,0.587,-0.265,-0.236,-0.099
"Spices",-0.088,-0.179,-0.187,-0.031,0.175,0.062,0.257,0.019,-0.11,-0.23,0.089,-0.16,0.057,0.123,1,-0.057,-0.064,-0.027,0.137,0.096,-0.092,0.065,0.187,-0.166,-0.144,0.101,-0.062,-0.168,-0.148,-0.044,0.156,-0.011,0.195,-0.018,-0.194,-0.129,0.092,-0.194,0.034,0.086,0.971,-0.041,-0.117,0.149,-0.006,0.015,0.168,-0.157,0.019,-0.05,-0.132,-0.124,-0.025,0.015,0.12,0.247,-0.013,-0.145,0.143,-0.077,-0.122,0.127,0.18,0.855,0.006,-0.075,0.162,0.019,0.071,0.132,-0.005,0.114,-0.079,-0.115,-0.131,-0.025,0.066,0.022,0.244,-0.03,-0.189,-0.146,-0.195,-0.015,0.076,0.957,-0.026,-0.095,0.094,-0.045,0.006,0.115,-0.077,0.074,0.092
"Starchy.Roots",-0.066,-0.216,-0.519,-0.068,-0.099,-0.45,-0.082,0.01,-0.379,-0.413,-0.162,-0.021,0.117,0.237,-0.057,1,-0.244,-0.437,-0.011,-0.104,-0.165,-0.363,0.519,-0.371,-0.273,-0.059,-0.134,-0.451,-0.275,-0.063,-0.089,-0.442,-0.044,0.117,-0.322,-0.454,-0.192,-0.018,0.194,0.316,-0.034,0.983,-0.259,-0.016,-0.508,-0.196,0.451,-0.17,-0.326,-0.025,-0.426,-0.299,-0.072,0.188,-0.399,0.09,0.209,-0.193,-0.125,-0.41,0.143,0.284,0.365,0.092,0.896,-0.185,-0.042,-0.024,-0.17,0.426,0.178,-0.119,0.096,-0.41,-0.16,-0.064,0.026,-0.423,0.064,0.179,-0.274,-0.464,0.096,0.247,0.373,0.037,0.935,-0.17,0.038,-0.027,-0.127,0.41,-0.247,-0.194,-0.184
"Stimulants",0.047,0.269,0.311,-0.045,-0.097,0.222,0.03,-0.083,0.181,0.269,0.104,-0.067,-0.154,-0.159,-0.064,-0.244,1,0.225,0.086,0.032,-0.049,0.002,-0.311,0.135,0.168,-0.05,0.221,0.33,0.261,-0.045,-0.131,0.278,0.083,-0.101,0.276,0.247,0.12,-0.016,-0.177,-0.182,-0.044,-0.24,0.469,0.118,0.147,0.08,-0.33,0.04,0.033,-0.073,0.326,0.259,-0.043,-0.141,0.189,0.02,-0.056,0.235,0.092,0.161,-0.129,-0.211,-0.181,-0.035,-0.223,0.241,0.172,0.015,0.036,-0.326,-0.184,-0.022,-0.03,0.282,0.249,-0.047,-0.175,0.243,0.002,-0.122,0.207,0.27,-0.054,-0.18,-0.192,-0.078,-0.277,0.869,0.027,-0.06,0.038,-0.282,0.194,0.009,0.085
"Sugar...Sweeteners",0.128,0.183,0.273,-0.017,-0.149,0.348,0.142,0.01,0.427,0.107,0.308,-0.056,-0.039,-0.138,-0.027,-0.437,0.225,1,-0.177,-0.118,0.203,-0.067,-0.273,0.447,0.16,-0.077,0.223,0.335,0.269,-0.021,-0.234,0.319,0.109,-0.111,0.318,0.198,0.346,-0.066,-0.131,-0.182,-0.037,-0.432,0.301,-0.179,0.74,-0.048,-0.335,0.139,-0.056,-0.053,0.303,0.271,-0.008,-0.209,0.262,-0.005,-0.127,0.222,0.29,0.107,-0.229,-0.207,-0.251,-0.118,-0.404,0.25,-0.163,-0.046,-0.052,-0.303,-0.083,-0.209,-0.023,0.397,0.186,-0.018,-0.215,0.33,0.064,-0.119,0.393,0.227,-0.086,-0.234,-0.19,-0.078,-0.389,0.186,-0.174,0.078,-0.067,-0.397,0.227,-0.119,0.376
"Sugar.Crops",-0.199,-0.125,-0.141,-0.021,0.189,-0.154,-0.027,0.005,-0.158,-0.087,-0.095,0.016,-0.045,-0.011,0.137,-0.011,0.086,-0.177,1,-0.069,-0.088,0.081,0.141,-0.213,-0.142,0.047,-0.181,-0.154,-0.093,-0.02,0.254,-0.164,-0.036,0,-0.141,-0.116,-0.108,-0.005,-0.035,-0.006,0.155,-0.021,-0.135,0.989,-0.197,-0.118,0.154,-0.091,0.043,-0.027,-0.075,-0.051,-0.022,0.189,-0.119,0.056,-0.013,-0.038,-0.068,-0.071,0.089,-0.007,0.002,0.137,0.01,-0.17,0.889,-0.007,-0.106,0.075,0.017,0.203,-0.17,-0.187,-0.088,-0.023,0.206,-0.167,-0.02,0.032,-0.174,-0.123,0.032,0.041,-0.001,0.153,-0.03,0.006,0.865,-0.004,-0.116,0.187,-0.016,0.161,-0.106
"Treenuts",-0.105,0.049,0.088,0.025,-0.059,0.186,0.148,-0.013,0.061,0.035,-0.01,-0.113,-0.137,-0.138,0.096,-0.104,0.032,-0.118,-0.069,1,0.11,0.284,-0.088,0.119,0.144,0.082,-0.112,0.075,0.039,0.024,-0.038,0.205,0.146,-0.047,0.034,0.046,-0.004,-0.082,-0.142,-0.132,0.108,-0.103,0.071,-0.06,-0.034,0.904,-0.074,0.205,0.255,-0.019,0.027,0.037,0.027,-0.207,0.219,0.128,-0.105,-0.043,0.015,0.015,-0.132,-0.164,-0.096,0.109,-0.106,0.073,-0.07,-0.032,0.846,-0.027,0.072,0.167,-0.089,0.077,0.021,0.022,-0.054,0.173,0.09,-0.072,0.027,0.04,-0.109,-0.11,-0.153,0.092,-0.049,0.075,-0.051,0,0.853,-0.077,0.021,0.226,-0.035
"Vegetable.Oils",-0.095,-0.128,-0.051,0.058,0.211,0.171,0,-0.063,0.148,-0.114,0.037,-0.082,-0.1,-0.007,-0.092,-0.165,-0.049,0.203,-0.088,0.11,1,-0.044,0.051,0.114,-0.057,-0.045,-0.179,-0.168,-0.13,0.051,0.04,0.045,-0.126,-0.165,-0.105,-0.161,0.032,-0.184,-0.095,-0.068,-0.139,-0.197,-0.146,-0.1,0.141,0.088,0.168,0.832,-0.136,0.022,-0.437,-0.241,0.047,-0.171,-0.06,-0.224,-0.186,-0.327,-0.042,-0.272,-0.277,-0.181,-0.143,-0.196,-0.263,-0.178,-0.152,-0.012,0,0.437,0.802,-0.257,-0.135,-0.054,-0.106,0.053,0.17,0.109,-0.095,-0.111,0.061,-0.116,-0.127,0.04,-0.049,-0.138,-0.213,-0.053,-0.065,0.013,0.168,0.054,0.016,-0.082,0.115
"Vegetables",-0.271,-0.015,0.072,0.135,-0.095,0.157,-0.095,-0.062,-0.054,0.113,-0.08,-0.034,-0.209,-0.168,0.065,-0.363,0.002,-0.067,0.081,0.284,-0.044,1,-0.072,0.182,0.105,0.118,-0.114,0.124,0.004,0.139,0.067,0.225,-0.089,-0.014,0.038,0.232,-0.045,0.064,-0.215,-0.146,0.117,-0.341,0.185,0.101,0.024,0.351,-0.123,0.046,0.938,0.073,0.164,0.041,0.162,-0.107,0.251,-0.123,-0.089,0.038,-0.056,0.285,0.016,-0.229,-0.148,0.053,-0.33,0.223,0.115,-0.06,0.378,-0.164,-0.059,0.843,-0.187,0.051,-0.021,0.131,0.015,0.188,-0.152,-0.078,-0.036,0.208,0.001,-0.2,-0.179,0.08,-0.306,0.069,0.075,-0.051,0.294,-0.051,0.011,0.89,-0.064
"Vegetal.Products",-0.355,-0.631,-1,0,0.539,-0.486,0.008,0.207,-0.586,-0.9,-0.08,-0.106,0.255,0.442,0.187,0.519,-0.311,-0.273,0.141,-0.088,0.051,-0.072,1,-0.545,-0.539,-0.001,-0.515,-0.911,-0.675,0.004,0.552,-0.625,-0.078,0.147,-0.666,-0.859,-0.139,-0.235,0.322,0.436,0.168,0.499,-0.511,0.146,-0.448,-0.294,0.911,-0.26,-0.193,0.056,-0.771,-0.633,-0.001,0.547,-0.399,0.14,0.2,-0.355,-0.007,-0.693,0.102,0.453,0.455,0.284,0.534,-0.375,0.15,0.102,-0.158,0.771,0.32,0.128,-0.215,-0.837,-0.486,0.003,0.588,-0.559,0.079,0.252,-0.609,-0.871,-0.091,0.408,0.481,0.213,0.425,-0.338,0.167,-0.062,-0.181,0.837,-0.533,0.007,-0.074
"Obesity",0.164,0.381,0.545,-0.106,-0.545,0.418,-0.122,0.162,0.554,0.434,0.111,-0.121,-0.002,-0.381,-0.166,-0.371,0.135,0.447,-0.213,0.119,0.114,0.182,-0.545,1,0.48,-0.183,0.318,0.581,0.444,-0.107,-0.545,0.477,-0.044,0.116,0.524,0.458,0.19,-0.02,-0.122,-0.359,-0.122,-0.358,0.392,-0.224,0.595,0.269,-0.582,0.32,0.204,-0.155,0.459,0.418,-0.123,-0.49,0.325,-0.205,-0.083,0.263,0.069,0.324,-0.265,-0.278,-0.4,-0.234,-0.357,0.336,-0.215,-0.13,0.191,-0.459,-0.122,-0.047,0.032,0.618,0.293,-0.095,-0.46,0.467,-0.141,0.049,0.623,0.508,-0.082,-0.408,-0.38,-0.167,-0.235,0.258,-0.172,0.016,0.221,-0.618,0.379,0.071,0.204
"Deaths",0.409,0.491,0.539,-0.067,-0.395,0.343,-0.225,-0.056,0.281,0.543,-0.165,-0.121,-0.237,-0.332,-0.144,-0.273,0.168,0.16,-0.142,0.144,-0.057,0.105,-0.539,0.48,1,-0.051,0.497,0.503,0.539,-0.07,-0.383,0.458,-0.144,-0.035,0.337,0.444,-0.121,-0.012,-0.307,-0.299,-0.108,-0.265,0.365,-0.14,0.303,0.243,-0.503,0.261,0.181,-0.081,0.442,0.519,-0.084,-0.378,0.319,-0.215,-0.101,0.149,-0.171,0.34,-0.195,-0.361,-0.298,-0.166,-0.277,0.3,-0.117,-0.07,0.155,-0.442,-0.105,-0.005,0.331,0.468,0.427,-0.073,-0.327,0.456,-0.216,-0.079,0.381,0.537,-0.048,-0.368,-0.315,-0.103,-0.185,0.279,-0.157,0.166,0.184,-0.468,0.364,0.1,-0.124
"Population",-0.1,-0.096,0.001,0.024,0.077,0.126,0.063,-0.053,-0.029,-0.012,-0.041,0.143,-0.032,0.062,0.101,-0.059,-0.05,-0.077,0.047,0.082,-0.045,0.118,-0.001,-0.183,-0.051,1,-0.092,0.004,-0.02,0.038,0.081,0.135,0.028,-0.085,0.03,-0.048,-0.037,0.16,-0.022,0.059,0.08,-0.056,-0.092,0.041,-0.085,0.085,-0.004,-0.014,0.097,-0.006,0.001,0.018,0.127,-0.006,0.14,-0.008,-0.045,0.007,-0.065,-0.054,0.08,-0.027,0.106,0.05,-0.038,-0.108,0.02,0.268,0.057,-0.001,0.02,0.087,-0.099,-0.028,-0.082,0.034,0.017,0.109,0.03,-0.078,-0.057,-0.047,0.132,0.02,0.051,0.089,-0.069,-0.069,0.038,0.112,0.06,0.028,-0.058,0.129,-0.07
"kcal_Alcoholic.Beverages",0.822,0.531,0.515,0.054,-0.552,0.258,-0.004,-0.084,0.389,0.423,0.038,-0.021,-0.212,-0.357,-0.062,-0.134,0.221,0.223,-0.181,-0.112,-0.179,-0.114,-0.515,0.318,0.497,-0.092,1,0.604,0.567,0.05,-0.557,0.409,0.101,-0.035,0.513,0.404,0.089,0.124,-0.223,-0.312,-0.005,-0.113,0.503,-0.167,0.217,0.046,-0.604,0.097,0.03,0.034,0.545,0.521,0.054,-0.387,0.232,-0.043,-0.076,0.362,0.018,0.257,-0.124,-0.278,-0.314,-0.078,-0.18,0.413,-0.123,-0.084,-0.048,-0.545,-0.274,-0.144,0.741,0.581,0.475,0.052,-0.538,0.384,0.024,-0.08,0.491,0.46,0.077,-0.186,-0.313,-0.027,-0.074,0.321,-0.176,0.011,-0.004,-0.581,0.358,-0.035,0.061
"kcal_Animal.Products",0.402,0.647,0.911,0.015,-0.677,0.488,0.12,-0.07,0.7,0.723,0.204,0.139,-0.166,-0.52,-0.168,-0.451,0.33,0.335,-0.154,0.075,-0.168,0.124,-0.911,0.581,0.503,0.004,0.604,1,0.726,0.014,-0.687,0.653,0.219,-0.031,0.847,0.793,0.281,0.314,-0.24,-0.493,-0.129,-0.424,0.617,-0.15,0.432,0.282,-1,0.147,0.274,-0.061,0.885,0.679,0.029,-0.627,0.409,-0.044,-0.152,0.574,0.139,0.587,-0.071,-0.392,-0.506,-0.259,-0.467,0.475,-0.141,-0.084,0.146,-0.885,-0.476,-0.064,0.257,0.935,0.543,0.018,-0.746,0.577,0.062,-0.135,0.757,0.777,0.171,-0.388,-0.532,-0.196,-0.348,0.386,-0.178,0.033,0.166,-0.935,0.483,0.085,0.21
"kcal_Animal.fats",0.444,0.898,0.675,-0.001,-0.486,0.336,-0.044,-0.172,0.407,0.59,-0.018,-0.054,-0.14,-0.357,-0.148,-0.275,0.261,0.269,-0.093,0.039,-0.13,0.004,-0.675,0.444,0.539,-0.02,0.567,0.726,1,-0.001,-0.529,0.472,0.053,-0.137,0.462,0.477,0.019,0.07,-0.2,-0.34,-0.136,-0.274,0.406,-0.096,0.305,0.227,-0.726,0.217,0.105,-0.038,0.626,0.952,-0.003,-0.461,0.234,-0.115,-0.174,0.184,-0.082,0.294,-0.219,-0.306,-0.342,-0.232,-0.315,0.253,-0.075,-0.077,0.115,-0.626,-0.289,-0.143,0.389,0.613,0.85,0.002,-0.487,0.468,-0.043,-0.171,0.472,0.577,-0.005,-0.284,-0.355,-0.151,-0.184,0.291,-0.13,-0.008,0.169,-0.613,0.593,0.015,-0.015
"kcal_Aquatic.Products..Other",0.055,0.005,-0.004,0.999,-0.011,0.055,0.161,-0.042,0.066,-0.097,-0.043,0.035,0.03,-0.072,-0.044,-0.063,-0.045,-0.021,-0.02,0.024,0.051,0.139,0.004,-0.107,-0.07,0.038,0.05,0.014,-0.001,1,-0.01,0.062,0.176,-0.046,0.052,-0.098,-0.05,0.032,0.041,-0.073,-0.044,-0.052,-0.044,-0.018,0.01,0.059,-0.014,0.061,0.166,0.773,-0.001,0,0.982,-0.072,0.061,0.111,-0.037,0.046,-0.056,-0.108,0.007,-0.004,-0.061,-0.049,-0.044,-0.046,-0.016,-0.003,0.046,0.001,0.046,0.143,0.24,0.057,0.034,0.998,-0.075,0.062,0.171,-0.042,0.045,-0.097,0.043,0.101,-0.073,-0.045,-0.056,-0.041,-0.012,0.114,0.035,-0.057,-0.075,0.206,-0.059
"kcal_Cereals...Excluding.Beer",-0.392,-0.447,-0.552,-0.01,0.942,-0.284,-0.11,-0.265,-0.529,-0.395,-0.141,0.06,-0.037,0.291,0.156,-0.089,-0.131,-0.234,0.254,-0.038,0.04,0.067,0.552,-0.545,-0.383,0.081,-0.557,-0.687,-0.529,-0.01,1,-0.429,-0.234,-0.35,-0.625,-0.463,-0.227,-0.127,-0.011,0.173,0.085,-0.15,-0.418,0.247,-0.36,-0.203,0.687,-0.317,-0.1,0.088,-0.471,-0.421,-0.019,0.734,-0.162,-0.003,-0.158,-0.327,-0.1,-0.233,0.206,0.106,0.229,0.199,-0.062,-0.313,0.256,0.127,-0.031,0.471,0.169,0.162,-0.364,-0.751,-0.391,-0.019,0.93,-0.395,-0.165,-0.29,-0.678,-0.486,-0.08,0.156,0.172,0.116,-0.196,-0.261,0.239,-0.089,-0.133,0.751,-0.414,-0.016,-0.203
"kcal_Eggs",0.238,0.418,0.625,0.076,-0.398,0.95,0.181,-0.054,0.479,0.436,0.057,-0.033,-0.22,-0.428,-0.011,-0.442,0.278,0.319,-0.164,0.205,0.045,0.225,-0.625,0.477,0.458,0.135,0.409,0.653,0.472,0.062,-0.429,1,0.237,-0.07,0.511,0.456,0.124,0.089,-0.289,-0.416,-0.028,-0.425,0.406,-0.142,0.448,0.336,-0.653,0.252,0.305,-0.001,0.569,0.44,0.096,-0.488,0.908,0.07,-0.109,0.305,0.03,0.316,-0.204,-0.398,-0.426,-0.165,-0.432,0.307,-0.151,0.012,0.244,-0.569,-0.179,0.041,0.136,0.675,0.339,0.072,-0.493,0.979,0.128,-0.148,0.485,0.479,0.013,-0.301,-0.443,-0.059,-0.364,0.329,-0.089,0.144,0.218,-0.675,0.309,0.164,0.089
"kcal_Fish..Seafood",0.047,0.027,0.078,0.183,-0.17,0.223,0.953,0.09,0.161,-0.208,0.421,-0.084,0.275,-0.275,0.195,-0.044,0.083,0.109,-0.036,0.146,-0.126,-0.089,-0.078,-0.044,-0.144,0.028,0.101,0.219,0.053,0.176,-0.234,0.237,1,0.103,0.199,-0.043,0.424,-0.042,0.281,-0.255,0.201,0.002,0.155,-0.001,0.074,0.164,-0.218,-0.119,-0.012,0.111,0.15,0.029,0.202,-0.242,0.275,0.896,-0.003,0.149,0.468,-0.17,-0.148,0.238,-0.23,0.121,0.006,0.122,0,0.13,0.165,-0.15,-0.246,-0.04,0.028,0.366,0.078,0.19,-0.398,0.178,0.958,0.059,0.142,-0.12,-0.083,0.193,-0.257,0.144,-0.015,0.049,0.078,-0.013,0.087,-0.366,0.008,-0.031,0.351
"kcal_Fruits...Excluding.Wine",-0.132,-0.154,-0.147,-0.049,-0.397,-0.105,0.04,0.879,-0.047,-0.144,0.042,-0.132,0.193,0.028,-0.018,0.117,-0.101,-0.111,0,-0.047,-0.165,-0.014,0.147,0.116,-0.035,-0.085,-0.035,-0.031,-0.137,-0.046,-0.35,-0.07,0.103,1,0.02,-0.021,0.11,-0.037,0.145,0.17,0.049,0.2,-0.014,0.016,-0.018,-0.036,0.031,-0.087,0.036,-0.101,-0.026,-0.15,-0.052,-0.206,-0.061,0.1,0.618,0.062,0.103,-0.017,0.02,0.169,0.144,0.003,0.261,0.014,0.013,-0.019,-0.051,0.026,-0.078,0.09,-0.053,0.059,-0.103,-0.045,-0.308,-0.066,0.136,0.961,0.065,-0.03,-0.018,-0.023,0.186,0.022,0.183,-0.051,0.035,0.106,-0.039,-0.059,-0.078,0.047,0.133
"kcal_Meat",0.372,0.393,0.666,0.052,-0.591,0.405,0.147,0.051,0.875,0.384,0.247,0.289,-0.074,-0.465,-0.194,-0.322,0.276,0.318,-0.141,0.034,-0.105,0.038,-0.666,0.524,0.337,0.03,0.513,0.847,0.462,0.052,-0.625,0.511,0.199,0.02,1,0.455,0.324,0.416,-0.116,-0.444,-0.16,-0.301,0.474,-0.134,0.391,0.167,-0.847,0.095,0.145,-0.03,0.777,0.409,0.077,-0.54,0.286,-0.069,-0.108,0.846,0.178,0.245,0.068,-0.285,-0.465,-0.257,-0.347,0.344,-0.122,-0.053,0.023,-0.777,-0.443,-0.13,0.191,0.848,0.318,0.062,-0.709,0.442,0.086,-0.057,0.912,0.417,0.319,-0.244,-0.476,-0.229,-0.265,0.323,-0.167,0.033,0.08,-0.848,0.282,0.015,0.272
"kcal_Milk...Excluding.Butter",0.203,0.445,0.859,-0.099,-0.527,0.287,-0.136,-0.119,0.303,0.892,0.1,0.023,-0.257,-0.337,-0.129,-0.454,0.247,0.198,-0.116,0.046,-0.161,0.232,-0.859,0.458,0.444,-0.048,0.404,0.793,0.477,-0.098,-0.463,0.456,-0.043,-0.021,0.455,1,0.16,0.185,-0.34,-0.313,-0.083,-0.429,0.564,-0.125,0.314,0.243,-0.793,0.106,0.366,-0.129,0.692,0.465,-0.103,-0.452,0.288,-0.204,-0.109,0.205,0.055,0.919,-0.077,-0.418,-0.328,-0.178,-0.453,0.493,-0.127,-0.131,0.165,-0.692,-0.344,0.082,0.112,0.668,0.313,-0.104,-0.477,0.377,-0.196,-0.134,0.359,0.962,0.027,-0.475,-0.356,-0.135,-0.351,0.305,-0.161,0.03,0.14,-0.668,0.411,0.152,0.1
"kcal_Miscellaneous",0.017,-0.03,0.139,-0.055,-0.21,0.134,0.425,0.176,0.333,-0.059,0.95,0.022,0,-0.117,0.092,-0.192,0.12,0.346,-0.108,-0.004,0.032,-0.045,-0.139,0.19,-0.121,-0.037,0.089,0.281,0.019,-0.05,-0.227,0.124,0.424,0.11,0.324,0.16,1,0.047,-0.018,-0.129,0.117,-0.175,0.338,-0.097,0.234,0.059,-0.28,-0.031,-0.01,-0.073,0.231,0.01,-0.024,-0.153,0.084,0.307,-0.017,0.263,0.943,0.083,-0.081,-0.074,-0.164,0.064,-0.168,0.332,-0.081,-0.058,0.057,-0.231,-0.186,-0.079,-0.102,0.338,0.037,-0.05,-0.31,0.072,0.341,0.065,0.3,0.076,0,-0.1,-0.142,0.025,-0.17,0.119,-0.085,-0.098,0.015,-0.338,0.183,-0.049,0.978
"kcal_Offals",0.07,0.063,0.235,0.021,-0.152,0.011,-0.058,-0.095,0.325,0.142,0.018,0.94,-0.086,-0.207,-0.194,-0.018,-0.016,-0.066,-0.005,-0.082,-0.184,0.064,-0.235,-0.02,-0.012,0.16,0.124,0.314,0.07,0.032,-0.127,0.089,-0.042,-0.037,0.416,0.185,0.047,1,-0.024,-0.218,-0.177,-0.003,0.165,-0.009,-0.092,-0.043,-0.314,-0.146,0.103,0.014,0.318,0.055,0.081,-0.036,0.016,-0.109,-0.053,0.405,-0.004,0.144,0.852,-0.063,-0.197,-0.192,-0.068,0.153,-0.017,0.044,-0.072,-0.318,-0.293,0.017,0.056,0.29,0.015,0.027,-0.22,0.036,-0.093,-0.098,0.34,0.1,0.959,0,-0.243,-0.175,-0.046,0.059,-0.008,-0.008,-0.074,-0.29,-0.114,0.04,0.007
"kcal_Oilcrops",-0.099,-0.206,-0.322,0.038,0.027,-0.264,0.268,0.113,-0.141,-0.365,-0.002,0.041,0.936,0.098,0.034,0.194,-0.177,-0.131,-0.035,-0.142,-0.095,-0.215,0.322,-0.122,-0.307,-0.022,-0.223,-0.24,-0.2,0.041,-0.011,-0.289,0.281,0.145,-0.116,-0.34,-0.018,-0.024,1,0.094,0.033,0.211,-0.222,-0.03,-0.23,-0.202,0.239,-0.181,-0.21,0.075,-0.323,-0.247,0.038,0.039,-0.287,0.251,0.021,-0.132,-0.024,-0.359,-0.01,0.926,0.061,0.027,0.195,-0.223,-0.025,0.053,-0.212,0.323,-0.19,-0.16,-0.052,-0.166,-0.142,0.062,-0.054,-0.281,0.353,0.197,-0.126,-0.364,0,0.73,0.093,0.056,0.225,-0.171,-0.03,-0.049,-0.181,0.166,-0.193,-0.146,-0.009
"kcal_Pulses",-0.182,-0.324,-0.436,-0.077,0.179,-0.34,-0.218,0.159,-0.374,-0.283,-0.08,-0.127,0.004,0.964,0.086,0.316,-0.182,-0.182,-0.006,-0.132,-0.068,-0.146,0.436,-0.359,-0.299,0.059,-0.312,-0.493,-0.34,-0.073,0.173,-0.416,-0.255,0.17,-0.444,-0.313,-0.129,-0.218,0.094,1,0.053,0.314,-0.379,-0.01,-0.237,-0.227,0.493,-0.193,-0.23,-0.082,-0.438,-0.312,-0.087,0.367,-0.343,-0.147,0.429,-0.324,-0.078,-0.182,-0.016,0.221,0.912,0.152,0.402,-0.35,0,-0.004,-0.172,0.438,0.127,-0.078,-0.085,-0.556,-0.285,-0.08,0.159,-0.409,-0.219,0.192,-0.44,-0.322,-0.203,0.177,0.991,0.059,0.231,-0.265,-0.054,-0.04,-0.208,0.556,-0.247,-0.192,-0.117
"kcal_Spices",-0.062,-0.173,-0.168,-0.034,0.074,0.019,0.238,0.074,-0.105,-0.202,0.113,-0.167,0.044,0.064,0.971,-0.034,-0.044,-0.037,0.155,0.108,-0.139,0.117,0.168,-0.122,-0.108,0.08,-0.005,-0.129,-0.136,-0.044,0.085,-0.028,0.201,0.049,-0.16,-0.083,0.117,-0.177,0.033,0.053,1,-0.008,-0.061,0.172,-0.013,0.047,0.129,-0.173,0.088,-0.056,-0.091,-0.108,-0.022,-0.023,0.086,0.247,0.01,-0.112,0.174,-0.036,-0.124,0.118,0.13,0.87,0.032,-0.008,0.188,-0.001,0.098,0.091,-0.044,0.191,-0.046,-0.079,-0.124,-0.028,0.001,-0.01,0.237,0.03,-0.156,-0.102,-0.182,-0.015,0.042,0.968,0.019,-0.061,0.108,-0.044,0.033,0.079,-0.069,0.146,0.109
"kcal_Starchy.Roots",-0.052,-0.22,-0.499,-0.056,-0.157,-0.439,-0.046,0.077,-0.371,-0.402,-0.155,-0.025,0.126,0.217,-0.041,0.983,-0.24,-0.432,-0.021,-0.103,-0.197,-0.341,0.499,-0.358,-0.265,-0.056,-0.113,-0.424,-0.274,-0.052,-0.15,-0.425,0.002,0.2,-0.301,-0.429,-0.175,-0.003,0.211,0.314,-0.008,1,-0.236,-0.022,-0.49,-0.189,0.423,-0.188,-0.295,-0.028,-0.403,-0.299,-0.059,0.137,-0.384,0.134,0.275,-0.179,-0.109,-0.389,0.154,0.311,0.366,0.109,0.922,-0.162,-0.044,-0.029,-0.166,0.403,0.143,-0.087,0.125,-0.367,-0.163,-0.052,-0.045,-0.41,0.114,0.251,-0.253,-0.44,0.108,0.261,0.37,0.067,0.942,-0.163,0.029,-0.026,-0.127,0.367,-0.243,-0.168,-0.169
"kcal_Stimulants",0.241,0.415,0.511,-0.047,-0.445,0.265,0.057,-0.077,0.304,0.44,0.267,0.005,-0.17,-0.397,-0.117,-0.259,0.469,0.301,-0.135,0.071,-0.146,0.185,-0.511,0.392,0.365,-0.092,0.503,0.617,0.406,-0.044,-0.418,0.406,0.155,-0.014,0.474,0.564,0.338,0.165,-0.222,-0.379,-0.061,-0.236,1,-0.118,0.154,0.212,-0.617,0.017,0.284,-0.081,0.533,0.372,-0.039,-0.343,0.262,0.008,-0.098,0.3,0.243,0.444,-0.095,-0.295,-0.359,-0.099,-0.264,0.931,-0.083,-0.054,0.147,-0.533,-0.346,0.077,0.181,0.552,0.381,-0.048,-0.442,0.339,0.043,-0.085,0.374,0.548,0.051,-0.317,-0.393,-0.117,-0.183,0.639,-0.131,-0.041,0.137,-0.552,0.21,0.174,0.293
"kcal_Sugar.Crops",-0.192,-0.124,-0.146,-0.017,0.178,-0.132,-0.003,0.017,-0.154,-0.102,-0.082,0.008,-0.045,-0.017,0.149,-0.016,0.118,-0.179,0.989,-0.06,-0.1,0.101,0.146,-0.224,-0.14,0.041,-0.167,-0.15,-0.096,-0.018,0.247,-0.142,-0.001,0.016,-0.134,-0.125,-0.097,-0.009,-0.03,-0.01,0.172,-0.022,-0.118,1,-0.201,-0.107,0.15,-0.105,0.064,-0.027,-0.065,-0.052,-0.016,0.186,-0.094,0.091,-0.006,-0.023,-0.049,-0.083,0.084,-0.001,-0.001,0.158,0.015,-0.16,0.93,-0.007,-0.092,0.066,-0.004,0.238,-0.166,-0.18,-0.085,-0.019,0.189,-0.148,0.008,0.045,-0.171,-0.134,0.026,0.046,-0.005,0.166,-0.032,0.044,0.854,0.009,-0.108,0.18,-0.031,0.188,-0.099
"kcal_Sugar...Sweeteners",0.155,0.201,0.448,0.018,-0.282,0.489,0.072,0.149,0.541,0.28,0.209,-0.106,-0.131,-0.209,-0.006,-0.508,0.147,0.74,-0.197,-0.034,0.141,0.024,-0.448,0.595,0.303,-0.085,0.217,0.432,0.305,0.01,-0.36,0.448,0.074,-0.018,0.391,0.314,0.234,-0.092,-0.23,-0.237,-0.013,-0.49,0.154,-0.201,1,0.057,-0.432,0.182,0.028,-0.041,0.428,0.335,0.022,-0.36,0.407,-0.033,-0.085,0.284,0.202,0.239,-0.264,-0.304,-0.313,-0.124,-0.452,0.14,-0.204,-0.039,0.026,-0.428,-0.096,-0.144,-0.025,0.531,0.096,0.017,-0.328,0.467,0.007,-0.046,0.514,0.371,-0.119,-0.329,-0.25,-0.058,-0.44,0.123,-0.175,0.184,0.007,-0.531,0.34,-0.069,0.258
"kcal_Treenuts",-0.003,0.243,0.294,0.058,-0.228,0.258,0.133,-0.055,0.151,0.232,0.048,-0.112,-0.188,-0.245,0.015,-0.196,0.08,-0.048,-0.118,0.904,0.088,0.351,-0.294,0.269,0.243,0.085,0.046,0.282,0.227,0.059,-0.203,0.336,0.164,-0.036,0.167,0.243,0.059,-0.043,-0.202,-0.227,0.047,-0.189,0.212,-0.107,0.057,1,-0.282,0.256,0.366,0,0.188,0.212,0.069,-0.339,0.278,0.098,-0.122,0,0.046,0.165,-0.182,-0.252,-0.198,0.019,-0.209,0.186,-0.105,-0.053,0.923,-0.188,-0.002,0.205,0.001,0.262,0.175,0.056,-0.209,0.28,0.069,-0.089,0.148,0.254,-0.097,-0.196,-0.255,0.013,-0.127,0.123,-0.089,-0.002,0.951,-0.262,0.183,0.295,0.012
"kcal_Vegetal.Products",-0.402,-0.647,-0.911,-0.015,0.677,-0.488,-0.119,0.07,-0.701,-0.723,-0.204,-0.139,0.166,0.52,0.168,0.451,-0.33,-0.335,0.154,-0.074,0.168,-0.123,0.911,-0.582,-0.503,-0.004,-0.604,-1,-0.726,-0.014,0.687,-0.653,-0.218,0.031,-0.847,-0.793,-0.28,-0.314,0.239,0.493,0.129,0.423,-0.617,0.15,-0.432,-0.282,1,-0.148,-0.273,0.061,-0.885,-0.679,-0.029,0.627,-0.409,0.044,0.152,-0.574,-0.139,-0.587,0.071,0.392,0.506,0.259,0.467,-0.474,0.14,0.084,-0.145,0.885,0.475,0.065,-0.257,-0.935,-0.543,-0.018,0.746,-0.577,-0.062,0.135,-0.758,-0.777,-0.171,0.388,0.532,0.196,0.348,-0.386,0.177,-0.034,-0.165,0.935,-0.484,-0.085,-0.21
"kcal_Vegetable.Oils",0.11,0.187,0.26,0.067,-0.172,0.267,-0.075,-0.04,0.258,0.208,-0.07,-0.15,-0.168,-0.189,-0.157,-0.17,0.04,0.139,-0.091,0.205,0.832,0.046,-0.26,0.32,0.261,-0.014,0.097,0.147,0.217,0.061,-0.317,0.252,-0.119,-0.087,0.095,0.106,-0.031,-0.146,-0.181,-0.193,-0.173,-0.188,0.017,-0.105,0.182,0.256,-0.148,1,0.036,0.008,-0.206,0.062,0.056,-0.441,0.021,-0.282,-0.18,-0.27,-0.155,-0.095,-0.362,-0.297,-0.276,-0.274,-0.292,-0.091,-0.149,-0.049,0.078,0.206,0.725,-0.201,0.092,0.244,0.184,0.062,-0.164,0.308,-0.12,-0.056,0.272,0.194,-0.114,-0.096,-0.179,-0.166,-0.165,0.094,-0.102,0.07,0.289,-0.244,0.338,0.062,0.027
"kcal_Vegetables",-0.163,0.08,0.193,0.162,-0.258,0.183,-0.049,-0.038,-0.01,0.222,-0.063,-0.044,-0.199,-0.271,0.019,-0.326,0.033,-0.056,0.043,0.255,-0.136,0.938,-0.193,0.204,0.181,0.097,0.03,0.274,0.105,0.166,-0.1,0.305,-0.012,0.036,0.145,0.366,-0.01,0.103,-0.21,-0.23,0.088,-0.295,0.284,0.064,0.028,0.366,-0.273,0.036,1,0.081,0.286,0.121,0.186,-0.236,0.288,-0.08,-0.075,0.107,-0.035,0.383,0,-0.231,-0.219,0.03,-0.309,0.307,0.081,-0.05,0.356,-0.286,-0.144,0.862,-0.087,0.201,0.064,0.157,-0.16,0.254,-0.084,-0.046,0.052,0.339,0.031,-0.218,-0.262,0.049,-0.246,0.125,0.032,-0.042,0.281,-0.201,0.082,0.931,-0.042
"fat_Alcoholic.Beverages",0.102,-0.018,-0.056,0.773,0.078,0.012,0.124,-0.108,-0.004,-0.115,-0.057,0.05,0.027,-0.077,-0.05,-0.025,-0.073,-0.053,-0.027,-0.019,0.022,0.073,0.056,-0.155,-0.081,-0.006,0.034,-0.061,-0.038,0.773,0.088,-0.001,0.111,-0.101,-0.03,-0.129,-0.073,0.014,0.075,-0.082,-0.056,-0.028,-0.081,-0.027,-0.041,0,0.061,0.008,0.081,1,-0.073,-0.037,0.751,0.103,0.013,0.083,-0.051,-0.024,-0.071,-0.133,0.013,0.058,-0.065,-0.048,-0.037,-0.076,-0.021,-0.018,-0.005,0.073,0.021,0.079,0.235,-0.037,0.005,0.768,0.028,0.003,0.113,-0.093,-0.037,-0.13,0.034,0.285,-0.082,-0.055,-0.057,-0.082,-0.029,0.077,-0.015,0.037,-0.098,0.116,-0.081
"fat_Animal.Products",0.331,0.543,0.771,0.001,-0.533,0.422,0.049,-0.036,0.602,0.621,0.174,0.159,-0.24,-0.466,-0.132,-0.426,0.326,0.303,-0.075,0.027,-0.437,0.164,-0.771,0.459,0.442,0.001,0.545,0.885,0.626,-0.001,-0.471,0.569,0.15,-0.026,0.777,0.692,0.231,0.318,-0.323,-0.438,-0.091,-0.403,0.533,-0.065,0.428,0.188,-0.885,-0.206,0.286,-0.073,1,0.684,0.015,-0.462,0.456,-0.008,-0.107,0.735,0.163,0.61,0.064,-0.429,-0.429,-0.184,-0.396,0.458,-0.041,-0.083,0.141,-1,-0.689,0.069,0.19,0.789,0.456,0.002,-0.576,0.494,0.004,-0.128,0.647,0.671,0.197,-0.442,-0.478,-0.16,-0.34,0.333,-0.105,0.034,0.067,-0.789,0.359,0.106,0.161
"fat_Animal.fats",0.382,0.833,0.633,0.001,-0.416,0.312,-0.073,-0.157,0.358,0.57,-0.017,-0.06,-0.173,-0.328,-0.124,-0.299,0.259,0.271,-0.051,0.037,-0.241,0.041,-0.633,0.418,0.519,0.018,0.521,0.679,0.952,0,-0.421,0.44,0.029,-0.15,0.409,0.465,0.01,0.055,-0.247,-0.312,-0.108,-0.299,0.372,-0.052,0.335,0.212,-0.679,0.062,0.121,-0.037,0.684,1,-0.001,-0.405,0.273,-0.103,-0.169,0.212,-0.059,0.336,-0.189,-0.337,-0.311,-0.203,-0.314,0.257,-0.027,-0.076,0.15,-0.684,-0.376,-0.078,0.319,0.553,0.772,0.002,-0.402,0.425,-0.073,-0.181,0.411,0.562,-0.018,-0.331,-0.332,-0.127,-0.207,0.26,-0.095,-0.012,0.146,-0.553,0.54,0.027,-0.022
"fat_Aquatic.Products..Other",0.051,-0.004,0.001,0.979,-0.02,0.087,0.189,-0.044,0.087,-0.108,-0.022,0.079,0.023,-0.086,-0.025,-0.072,-0.043,-0.008,-0.022,0.027,0.047,0.162,-0.001,-0.123,-0.084,0.127,0.054,0.029,-0.003,0.982,-0.019,0.096,0.202,-0.052,0.077,-0.103,-0.024,0.081,0.038,-0.087,-0.022,-0.059,-0.039,-0.016,0.022,0.069,-0.029,0.056,0.186,0.751,0.015,-0.001,1,-0.086,0.09,0.127,-0.043,0.07,-0.034,-0.115,0.035,-0.01,-0.073,-0.03,-0.051,-0.043,-0.019,0.026,0.053,-0.015,0.036,0.155,0.224,0.076,0.021,0.98,-0.094,0.088,0.193,-0.05,0.062,-0.106,0.089,0.11,-0.087,-0.024,-0.065,-0.043,0,0.115,0.041,-0.076,-0.072,0.224,-0.036
"fat_Cereals...Excluding.Beer",-0.204,-0.38,-0.547,-0.078,0.649,-0.381,-0.18,-0.174,-0.485,-0.386,-0.075,0.109,-0.037,0.447,0.015,0.188,-0.141,-0.209,0.189,-0.207,-0.171,-0.107,0.547,-0.49,-0.378,-0.006,-0.387,-0.627,-0.461,-0.072,0.734,-0.488,-0.242,-0.206,-0.54,-0.452,-0.153,-0.036,0.039,0.367,-0.023,0.137,-0.343,0.186,-0.36,-0.339,0.627,-0.441,-0.236,0.103,-0.462,-0.405,-0.086,1,-0.308,-0.038,0.015,-0.277,-0.039,-0.26,0.287,0.154,0.405,0.136,0.21,-0.277,0.201,0.011,-0.197,0.462,-0.022,0.021,-0.172,-0.709,-0.335,-0.083,0.712,-0.475,-0.211,-0.163,-0.574,-0.491,0.013,0.227,0.365,0.004,0.066,-0.236,0.213,-0.114,-0.295,0.709,-0.409,-0.175,-0.156
"fat_Eggs",0.076,0.197,0.399,0.076,-0.171,0.916,0.24,-0.022,0.281,0.242,0.043,-0.065,-0.208,-0.345,0.12,-0.399,0.189,0.262,-0.119,0.219,-0.06,0.251,-0.399,0.325,0.319,0.14,0.232,0.409,0.234,0.061,-0.162,0.908,0.275,-0.061,0.286,0.288,0.084,0.016,-0.287,-0.343,0.086,-0.384,0.262,-0.094,0.407,0.278,-0.409,0.021,0.288,0.013,0.456,0.273,0.09,-0.308,1,0.221,-0.068,0.231,0.067,0.251,-0.142,-0.342,-0.332,-0.024,-0.354,0.245,-0.103,0.068,0.283,-0.456,-0.193,0.155,0.003,0.453,0.138,0.071,-0.262,0.901,0.194,-0.139,0.256,0.291,-0.034,-0.285,-0.364,0.068,-0.335,0.213,-0.019,0.151,0.164,-0.453,0.133,0.166,0.052
"fat_Fish..Seafood",-0.051,-0.125,-0.14,0.118,0.032,0.087,0.85,0.075,-0.084,-0.335,0.339,-0.113,0.231,-0.164,0.247,0.09,0.02,-0.005,0.056,0.128,-0.224,-0.123,0.14,-0.205,-0.215,-0.008,-0.043,-0.044,-0.115,0.111,-0.003,0.07,0.896,0.1,-0.069,-0.204,0.307,-0.109,0.251,-0.147,0.247,0.134,0.008,0.091,-0.033,0.098,0.044,-0.282,-0.08,0.083,-0.008,-0.103,0.127,-0.038,0.221,1,0.035,0.008,0.456,-0.242,-0.075,0.297,-0.104,0.228,0.177,0.034,0.102,0.141,0.167,0.008,-0.215,0.019,-0.026,0.106,-0.06,0.121,-0.165,0.029,0.889,0.072,-0.101,-0.266,-0.107,0.223,-0.136,0.219,0.109,-0.038,0.178,-0.014,0.04,-0.106,-0.117,-0.068,0.248
"fat_Fruits...Excluding.Wine",-0.144,-0.156,-0.2,-0.039,-0.163,-0.104,-0.029,0.545,-0.127,-0.164,-0.034,-0.092,0.027,0.265,-0.013,0.209,-0.056,-0.127,-0.013,-0.105,-0.186,-0.089,0.2,-0.083,-0.101,-0.045,-0.076,-0.152,-0.174,-0.037,-0.158,-0.109,-0.003,0.618,-0.108,-0.109,-0.017,-0.053,0.021,0.429,0.01,0.275,-0.098,-0.006,-0.085,-0.122,0.152,-0.18,-0.075,-0.051,-0.107,-0.169,-0.043,0.015,-0.068,0.035,1,-0.023,0.002,-0.055,0.07,0.066,0.486,0.013,0.432,-0.079,0.006,0.038,-0.098,0.107,-0.081,0.023,-0.013,-0.118,-0.128,-0.039,-0.155,-0.105,0.019,0.601,-0.082,-0.121,-0.033,-0.002,0.424,-0.004,0.234,-0.071,0.007,0.038,-0.12,0.118,-0.106,-0.076,-0.015
"fat_Meat",0.242,0.145,0.355,0.046,-0.352,0.24,0.121,0.126,0.686,0.114,0.213,0.313,-0.106,-0.347,-0.145,-0.193,0.235,0.222,-0.038,-0.043,-0.327,0.038,-0.355,0.263,0.149,0.007,0.362,0.574,0.184,0.046,-0.327,0.305,0.149,0.062,0.846,0.205,0.263,0.405,-0.132,-0.324,-0.112,-0.179,0.3,-0.023,0.284,0,-0.574,-0.27,0.107,-0.024,0.735,0.212,0.07,-0.277,0.231,0.008,-0.023,1,0.206,0.107,0.239,-0.229,-0.33,-0.15,-0.172,0.248,0.009,-0.016,-0.05,-0.735,-0.575,0.006,0.095,0.57,0.119,0.052,-0.458,0.249,0.083,0.009,0.702,0.152,0.352,-0.184,-0.349,-0.177,-0.187,0.219,-0.073,0.035,-0.067,-0.57,0.049,0.027,0.22
"fat_Miscellaneous",-0.033,-0.132,0.007,-0.06,-0.1,0.063,0.462,0.177,0.21,-0.168,0.951,-0.007,-0.011,-0.06,0.143,-0.125,0.092,0.29,-0.068,0.015,-0.042,-0.056,-0.007,0.069,-0.171,-0.065,0.018,0.139,-0.082,-0.056,-0.1,0.03,0.468,0.103,0.178,0.055,0.943,-0.004,-0.024,-0.078,0.174,-0.109,0.243,-0.049,0.202,0.046,-0.139,-0.155,-0.035,-0.071,0.163,-0.059,-0.034,-0.039,0.067,0.456,0.002,0.206,1,0.028,-0.059,-0.038,-0.104,0.155,-0.085,0.288,-0.029,-0.058,0.097,-0.163,-0.202,-0.026,-0.134,0.212,-0.048,-0.058,-0.198,-0.021,0.389,0.064,0.172,-0.03,-0.031,-0.073,-0.084,0.075,-0.113,0.051,-0.031,-0.101,-0.001,-0.212,0.08,-0.058,0.917
"fat_Milk...Excluding.Butter",0.08,0.277,0.693,-0.11,-0.356,0.174,-0.252,-0.119,0.102,0.812,0.039,0.018,-0.276,-0.198,-0.077,-0.41,0.161,0.107,-0.071,0.015,-0.272,0.285,-0.693,0.324,0.34,-0.054,0.257,0.587,0.294,-0.108,-0.233,0.316,-0.17,-0.017,0.245,0.919,0.083,0.144,-0.359,-0.182,-0.036,-0.389,0.444,-0.083,0.239,0.165,-0.587,-0.095,0.383,-0.133,0.61,0.336,-0.115,-0.26,0.251,-0.242,-0.055,0.107,0.028,1,0.025,-0.393,-0.169,-0.085,-0.384,0.444,-0.094,-0.155,0.162,-0.61,-0.378,0.195,0.017,0.437,0.157,-0.118,-0.255,0.241,-0.31,-0.131,0.146,0.865,0.008,-0.484,-0.223,-0.082,-0.318,0.207,-0.105,0.021,0.073,-0.437,0.272,0.177,0.028
"fat_Offals",-0.109,-0.178,-0.102,-0.004,0.149,-0.224,-0.138,-0.048,0.03,-0.101,-0.081,0.884,-0.102,0.003,-0.122,0.143,-0.129,-0.229,0.089,-0.132,-0.277,0.016,0.102,-0.265,-0.195,0.08,-0.124,-0.071,-0.219,0.007,0.206,-0.204,-0.148,0.02,0.068,-0.077,-0.081,0.852,-0.01,-0.016,-0.124,0.154,-0.095,0.084,-0.264,-0.182,0.071,-0.362,0,0.013,0.064,-0.189,0.035,0.287,-0.142,-0.075,0.07,0.239,-0.059,0.025,1,0.031,0.043,-0.073,0.141,-0.036,0.071,0.054,-0.126,-0.064,-0.231,0.093,-0.064,-0.089,-0.183,-0.002,0.118,-0.238,-0.151,-0.037,0.021,-0.165,0.861,0.076,-0.037,-0.105,0.073,-0.102,0.096,-0.044,-0.177,0.088,-0.289,-0.01,-0.108
"fat_Oilcrops",-0.129,-0.284,-0.453,-0.007,0.135,-0.36,0.242,0.113,-0.303,-0.444,-0.053,0.015,0.849,0.223,0.127,0.284,-0.211,-0.207,-0.007,-0.164,-0.181,-0.229,0.453,-0.278,-0.361,-0.027,-0.278,-0.392,-0.306,-0.004,0.106,-0.398,0.238,0.169,-0.285,-0.418,-0.074,-0.063,0.926,0.221,0.118,0.311,-0.295,-0.001,-0.304,-0.252,0.392,-0.297,-0.231,0.058,-0.429,-0.337,-0.01,0.154,-0.342,0.297,0.066,-0.229,-0.038,-0.393,0.031,1,0.187,0.145,0.325,-0.267,0.012,0.103,-0.237,0.429,-0.188,-0.11,-0.06,-0.321,-0.217,0.008,0.06,-0.382,0.351,0.226,-0.297,-0.445,-0.029,0.705,0.225,0.166,0.299,-0.215,0.005,-0.068,-0.219,0.321,-0.27,-0.155,-0.06
"fat_Pulses",-0.206,-0.313,-0.455,-0.065,0.229,-0.365,-0.199,0.1,-0.422,-0.293,-0.115,-0.114,-0.011,0.893,0.18,0.365,-0.181,-0.251,0.002,-0.096,-0.143,-0.148,0.455,-0.4,-0.298,0.106,-0.314,-0.506,-0.342,-0.061,0.229,-0.426,-0.23,0.144,-0.465,-0.328,-0.164,-0.197,0.061,0.912,0.13,0.366,-0.359,-0.001,-0.313,-0.198,0.506,-0.276,-0.219,-0.065,-0.429,-0.311,-0.073,0.405,-0.332,-0.104,0.486,-0.33,-0.104,-0.169,0.043,0.187,1,0.314,0.487,-0.326,0.016,-0.022,-0.119,0.428,0.083,-0.041,-0.091,-0.579,-0.282,-0.068,0.214,-0.423,-0.192,0.159,-0.48,-0.339,-0.187,0.144,0.903,0.142,0.292,-0.265,-0.029,-0.04,-0.177,0.579,-0.282,-0.177,-0.16
"fat_Spices",-0.098,-0.229,-0.284,-0.043,0.175,-0.122,0.151,0.02,-0.221,-0.266,0.085,-0.162,0.025,0.197,0.855,0.092,-0.035,-0.118,0.137,0.109,-0.196,0.053,0.284,-0.234,-0.166,0.05,-0.078,-0.259,-0.232,-0.049,0.199,-0.165,0.121,0.003,-0.257,-0.178,0.064,-0.192,0.027,0.152,0.87,0.109,-0.099,0.158,-0.124,0.019,0.259,-0.274,0.03,-0.048,-0.184,-0.203,-0.03,0.136,-0.024,0.228,0.013,-0.15,0.155,-0.085,-0.073,0.145,0.314,1,0.165,-0.034,0.191,-0.008,0.113,0.184,-0.053,0.189,-0.059,-0.229,-0.191,-0.04,0.12,-0.151,0.168,-0.005,-0.262,-0.2,-0.183,0.011,0.144,0.865,0.125,-0.065,0.106,-0.049,0.016,0.229,-0.153,0.097,0.056
"fat_Starchy.Roots",-0.115,-0.266,-0.534,-0.047,-0.08,-0.428,-0.039,0.157,-0.407,-0.429,-0.145,-0.074,0.13,0.291,0.006,0.896,-0.223,-0.404,0.01,-0.106,-0.263,-0.33,0.534,-0.357,-0.277,-0.038,-0.18,-0.467,-0.315,-0.044,-0.062,-0.432,0.006,0.261,-0.347,-0.453,-0.168,-0.068,0.195,0.402,0.032,0.922,-0.264,0.015,-0.452,-0.209,0.467,-0.292,-0.309,-0.037,-0.396,-0.314,-0.051,0.21,-0.354,0.177,0.432,-0.172,-0.085,-0.384,0.141,0.325,0.487,0.165,1,-0.183,0.005,0.01,-0.173,0.396,0.058,-0.077,0.058,-0.426,-0.203,-0.042,0.01,-0.415,0.122,0.303,-0.325,-0.466,0.021,0.236,0.452,0.106,0.901,-0.175,0.062,-0.018,-0.155,0.427,-0.281,-0.2,-0.163
"fat_Stimulants",0.162,0.258,0.375,-0.049,-0.371,0.199,0.037,-0.042,0.211,0.33,0.279,0.013,-0.165,-0.369,-0.075,-0.185,0.241,0.25,-0.17,0.073,-0.178,0.223,-0.375,0.336,0.3,-0.108,0.413,0.475,0.253,-0.046,-0.313,0.307,0.122,0.014,0.344,0.493,0.332,0.153,-0.223,-0.35,-0.008,-0.162,0.931,-0.16,0.14,0.186,-0.474,-0.091,0.307,-0.076,0.458,0.257,-0.043,-0.277,0.245,0.034,-0.079,0.248,0.288,0.444,-0.036,-0.267,-0.326,-0.034,-0.183,1,-0.138,-0.046,0.176,-0.458,-0.333,0.152,0.121,0.434,0.24,-0.052,-0.335,0.247,0.032,-0.058,0.27,0.465,0.06,-0.314,-0.36,-0.074,-0.094,0.456,-0.146,-0.046,0.118,-0.434,0.113,0.202,0.3
"fat_Sugar.Crops",-0.149,-0.095,-0.15,-0.018,0.19,-0.15,0.002,0.001,-0.16,-0.105,-0.074,-0.011,-0.041,-0.007,0.162,-0.042,0.172,-0.163,0.889,-0.07,-0.152,0.115,0.15,-0.215,-0.117,0.02,-0.123,-0.141,-0.075,-0.016,0.256,-0.151,0,0.013,-0.122,-0.127,-0.081,-0.017,-0.025,0,0.188,-0.044,-0.083,0.93,-0.204,-0.105,0.14,-0.149,0.081,-0.021,-0.041,-0.027,-0.019,0.201,-0.103,0.102,0.006,0.009,-0.029,-0.094,0.071,0.012,0.016,0.191,0.005,-0.138,1,-0.011,-0.088,0.041,-0.057,0.28,-0.123,-0.178,-0.055,-0.019,0.184,-0.156,0.018,0.035,-0.172,-0.133,0.008,0.03,0.004,0.174,-0.056,0.111,0.668,-0.009,-0.102,0.178,-0.046,0.215,-0.083
"fat_Sugar...Sweeteners",-0.129,-0.075,-0.102,-0.009,0.17,0.021,0.187,0.069,-0.067,-0.139,-0.049,0.054,0.087,0.003,0.019,-0.024,0.015,-0.046,-0.007,-0.032,-0.012,-0.06,0.102,-0.13,-0.07,0.268,-0.084,-0.084,-0.077,-0.003,0.127,0.012,0.13,-0.019,-0.053,-0.131,-0.058,0.044,0.053,-0.004,-0.001,-0.029,-0.054,-0.007,-0.039,-0.053,0.084,-0.049,-0.05,-0.018,-0.083,-0.076,0.026,0.011,0.068,0.141,0.038,-0.016,-0.058,-0.155,0.054,0.103,-0.022,-0.008,0.01,-0.046,-0.011,1,-0.039,0.083,0.034,-0.028,-0.131,-0.038,-0.041,-0.007,0.066,0.022,0.209,-0.002,-0.084,-0.131,0.063,0.042,0.007,0.005,-0.07,0.028,-0.024,0.041,-0.046,0.038,-0.118,-0.032,-0.066
"fat_Treenuts",-0.094,0.152,0.158,0.045,-0.1,0.196,0.138,-0.052,0.016,0.128,0.074,-0.111,-0.182,-0.174,0.071,-0.17,0.036,-0.052,-0.106,0.846,0,0.378,-0.158,0.191,0.155,0.057,-0.048,0.146,0.115,0.046,-0.031,0.244,0.165,-0.051,0.023,0.165,0.057,-0.072,-0.212,-0.172,0.098,-0.166,0.147,-0.092,0.026,0.923,-0.145,0.078,0.356,-0.005,0.141,0.15,0.053,-0.197,0.283,0.167,-0.098,-0.05,0.097,0.162,-0.126,-0.237,-0.119,0.113,-0.173,0.176,-0.088,-0.039,1,-0.141,-0.051,0.277,-0.071,0.119,0.103,0.041,-0.046,0.191,0.071,-0.092,0.001,0.162,-0.107,-0.231,-0.199,0.059,-0.118,0.067,-0.066,-0.008,0.905,-0.119,0.084,0.284,0.01
"fat_Vegetal.Products",-0.331,-0.543,-0.771,-0.001,0.533,-0.422,-0.049,0.036,-0.602,-0.62,-0.174,-0.159,0.24,0.466,0.132,0.426,-0.326,-0.303,0.075,-0.027,0.437,-0.164,0.771,-0.459,-0.442,-0.001,-0.545,-0.885,-0.626,0.001,0.471,-0.569,-0.15,0.026,-0.777,-0.692,-0.231,-0.318,0.323,0.438,0.091,0.403,-0.533,0.066,-0.428,-0.188,0.885,0.206,-0.286,0.073,-1,-0.684,-0.015,0.462,-0.456,0.008,0.107,-0.735,-0.163,-0.61,-0.064,0.429,0.428,0.184,0.396,-0.458,0.041,0.083,-0.141,1,0.689,-0.069,-0.19,-0.789,-0.456,-0.002,0.576,-0.494,-0.004,0.128,-0.647,-0.671,-0.197,0.442,0.478,0.16,0.34,-0.333,0.105,-0.034,-0.067,0.789,-0.359,-0.106,-0.161
"fat_Vegetable.Oils",-0.166,-0.254,-0.32,0.049,0.288,-0.068,-0.144,-0.023,-0.231,-0.237,-0.168,-0.203,-0.205,0.15,-0.005,0.178,-0.184,-0.083,0.017,0.072,0.802,-0.059,0.32,-0.122,-0.105,0.02,-0.274,-0.476,-0.289,0.046,0.169,-0.179,-0.246,-0.078,-0.443,-0.344,-0.186,-0.293,-0.19,0.127,-0.044,0.143,-0.346,-0.004,-0.096,-0.002,0.475,0.725,-0.144,0.021,-0.689,-0.376,0.036,-0.022,-0.193,-0.215,-0.081,-0.575,-0.202,-0.378,-0.231,-0.188,0.083,-0.053,0.058,-0.333,-0.057,0.034,-0.051,0.689,1,-0.112,-0.096,-0.364,-0.22,0.042,0.343,-0.094,-0.152,0,-0.255,-0.274,-0.188,0.009,0.177,0.005,0.106,-0.165,0.026,0.067,0.105,0.364,-0.023,-0.004,-0.101
"fat_Vegetables",-0.277,-0.132,-0.128,0.138,-0.035,-0.028,-0.062,0.015,-0.265,-0.036,-0.105,-0.072,-0.182,-0.122,0.114,-0.119,-0.022,-0.209,0.203,0.167,-0.257,0.843,0.128,-0.047,-0.005,0.087,-0.144,-0.064,-0.143,0.143,0.162,0.041,-0.04,0.09,-0.13,0.082,-0.079,0.017,-0.16,-0.078,0.191,-0.087,0.077,0.238,-0.144,0.205,0.065,-0.201,0.862,0.079,0.069,-0.078,0.155,0.021,0.155,0.019,0.023,0.006,-0.026,0.195,0.093,-0.11,-0.041,0.189,-0.077,0.152,0.28,-0.028,0.277,-0.069,-0.112,1,-0.15,-0.122,-0.119,0.133,0.093,0.008,-0.06,0.037,-0.213,0.048,-0.001,-0.106,-0.094,0.167,-0.094,0.039,0.188,-0.048,0.153,0.122,-0.101,0.911,-0.099
"protein_Alcoholic.Beverages",0.89,0.423,0.215,0.24,-0.357,0.035,-0.043,-0.188,0.123,0.189,-0.13,-0.043,-0.131,-0.147,-0.079,0.096,-0.03,-0.023,-0.17,-0.089,-0.135,-0.187,-0.215,0.032,0.331,-0.099,0.741,0.257,0.389,0.24,-0.364,0.136,0.028,-0.053,0.191,0.112,-0.102,0.056,-0.052,-0.085,-0.046,0.125,0.181,-0.166,-0.025,0.001,-0.257,0.092,-0.087,0.235,0.19,0.319,0.224,-0.172,0.003,-0.026,-0.013,0.095,-0.134,0.017,-0.064,-0.06,-0.091,-0.059,0.058,0.121,-0.123,-0.131,-0.071,-0.19,-0.096,-0.15,1,0.241,0.388,0.239,-0.335,0.145,0.008,-0.067,0.209,0.176,0.046,0.096,-0.075,-0.022,0.115,0.055,-0.18,0.045,-0.014,-0.241,0.191,-0.08,-0.116
"protein_Animal.Products",0.386,0.527,0.837,0.062,-0.697,0.545,0.279,0.047,0.785,0.572,0.249,0.128,-0.09,-0.587,-0.115,-0.41,0.282,0.397,-0.187,0.077,-0.054,0.051,-0.837,0.618,0.468,-0.028,0.581,0.935,0.613,0.057,-0.751,0.675,0.366,0.059,0.848,0.668,0.338,0.29,-0.166,-0.556,-0.079,-0.367,0.552,-0.18,0.531,0.262,-0.935,0.244,0.201,-0.037,0.789,0.553,0.076,-0.709,0.453,0.106,-0.118,0.57,0.212,0.437,-0.089,-0.321,-0.579,-0.229,-0.426,0.434,-0.178,-0.038,0.119,-0.789,-0.364,-0.122,0.241,1,0.444,0.067,-0.825,0.615,0.241,-0.043,0.853,0.664,0.192,-0.34,-0.591,-0.15,-0.31,0.347,-0.173,0.097,0.15,-1,0.454,0.036,0.29
"protein_Animal.fats",0.371,0.902,0.486,0.032,-0.368,0.219,-0.003,-0.163,0.257,0.418,0.012,-0.081,-0.097,-0.305,-0.131,-0.16,0.249,0.186,-0.088,0.021,-0.106,-0.021,-0.486,0.293,0.427,-0.082,0.475,0.543,0.85,0.034,-0.391,0.339,0.078,-0.103,0.318,0.313,0.037,0.015,-0.142,-0.285,-0.124,-0.163,0.381,-0.085,0.096,0.175,-0.543,0.184,0.064,0.005,0.456,0.772,0.021,-0.335,0.138,-0.06,-0.128,0.119,-0.048,0.157,-0.183,-0.217,-0.282,-0.191,-0.203,0.24,-0.055,-0.041,0.103,-0.456,-0.22,-0.119,0.388,0.444,1,0.032,-0.356,0.347,0.019,-0.126,0.323,0.392,-0.027,-0.208,-0.292,-0.134,-0.097,0.287,-0.112,-0.012,0.143,-0.444,0.52,0.009,0.005
"protein_Aquatic.Products..Other",0.057,0.004,-0.003,0.998,-0.016,0.068,0.173,-0.036,0.077,-0.103,-0.044,0.03,0.051,-0.079,-0.025,-0.064,-0.047,-0.018,-0.023,0.022,0.053,0.131,0.003,-0.095,-0.073,0.034,0.052,0.018,0.002,0.998,-0.019,0.072,0.19,-0.045,0.062,-0.104,-0.05,0.027,0.062,-0.08,-0.028,-0.052,-0.048,-0.019,0.017,0.056,-0.018,0.062,0.157,0.768,0.002,0.002,0.98,-0.083,0.071,0.121,-0.039,0.052,-0.058,-0.118,-0.002,0.008,-0.068,-0.04,-0.042,-0.052,-0.019,-0.007,0.041,-0.002,0.042,0.133,0.239,0.067,0.032,1,-0.087,0.075,0.187,-0.041,0.057,-0.103,0.039,0.111,-0.08,-0.026,-0.053,-0.043,-0.012,0.114,0.032,-0.067,-0.077,0.198,-0.058
"protein_Cereals...Excluding.Beer",-0.375,-0.399,-0.588,-0.078,0.878,-0.35,-0.285,-0.227,-0.605,-0.363,-0.219,-0.038,-0.049,0.269,0.066,0.026,-0.175,-0.215,0.206,-0.054,0.17,0.015,0.588,-0.46,-0.327,0.017,-0.538,-0.746,-0.487,-0.075,0.93,-0.493,-0.398,-0.308,-0.709,-0.477,-0.31,-0.22,-0.054,0.159,0.001,-0.045,-0.442,0.189,-0.328,-0.209,0.746,-0.164,-0.16,0.028,-0.576,-0.402,-0.094,0.712,-0.262,-0.165,-0.155,-0.458,-0.198,-0.255,0.118,0.06,0.214,0.12,0.01,-0.335,0.184,0.066,-0.046,0.576,0.343,0.093,-0.335,-0.825,-0.356,-0.087,1,-0.434,-0.313,-0.215,-0.719,-0.468,-0.147,0.083,0.182,0.055,-0.08,-0.271,0.199,-0.099,-0.102,0.825,-0.351,-0.054,-0.263
"protein_Eggs",0.23,0.409,0.559,0.078,-0.346,0.958,0.137,-0.027,0.44,0.385,0.002,-0.071,-0.205,-0.418,0.022,-0.423,0.243,0.33,-0.167,0.173,0.109,0.188,-0.559,0.467,0.456,0.109,0.384,0.577,0.468,0.062,-0.395,0.979,0.178,-0.066,0.442,0.377,0.072,0.036,-0.281,-0.409,-0.01,-0.41,0.339,-0.148,0.467,0.28,-0.577,0.308,0.254,0.003,0.494,0.425,0.088,-0.475,0.901,0.029,-0.105,0.249,-0.021,0.241,-0.238,-0.382,-0.423,-0.151,-0.415,0.247,-0.156,0.022,0.191,-0.494,-0.094,0.008,0.145,0.615,0.347,0.075,-0.434,1,0.101,-0.121,0.446,0.423,-0.014,-0.287,-0.427,-0.02,-0.347,0.302,-0.096,0.182,0.185,-0.615,0.309,0.143,0.06
"protein_Fish..Seafood",-0.005,-0.059,-0.079,0.18,-0.081,0.138,0.952,0.127,0.058,-0.345,0.333,-0.117,0.352,-0.243,0.244,0.064,0.002,0.064,-0.02,0.09,-0.095,-0.152,0.079,-0.141,-0.216,0.03,0.024,0.062,-0.043,0.171,-0.165,0.128,0.958,0.136,0.086,-0.196,0.341,-0.093,0.353,-0.219,0.237,0.114,0.043,0.008,0.007,0.069,-0.062,-0.12,-0.084,0.113,0.004,-0.073,0.193,-0.211,0.194,0.889,0.019,0.083,0.389,-0.31,-0.151,0.351,-0.192,0.168,0.122,0.032,0.018,0.209,0.071,-0.004,-0.152,-0.06,0.008,0.241,0.019,0.187,-0.313,0.101,1,0.124,0.044,-0.261,-0.1,0.269,-0.206,0.21,0.087,-0.025,0.074,-0.016,0.021,-0.241,-0.058,-0.055,0.296
"protein_Fruits...Excluding.Wine",-0.16,-0.193,-0.252,-0.045,-0.33,-0.164,0,0.894,-0.121,-0.225,0.009,-0.17,0.258,0.055,-0.03,0.179,-0.122,-0.119,0.032,-0.072,-0.111,-0.078,0.252,0.049,-0.079,-0.078,-0.08,-0.135,-0.171,-0.042,-0.29,-0.148,0.059,0.961,-0.057,-0.134,0.065,-0.098,0.197,0.192,0.03,0.251,-0.085,0.045,-0.046,-0.089,0.135,-0.056,-0.046,-0.093,-0.128,-0.181,-0.05,-0.163,-0.139,0.072,0.601,0.009,0.064,-0.131,-0.037,0.226,0.159,-0.005,0.303,-0.058,0.035,-0.002,-0.092,0.128,0,0.037,-0.067,-0.043,-0.126,-0.041,-0.215,-0.121,0.124,1,-0.006,-0.126,-0.053,0.022,0.218,0.021,0.225,-0.078,0.069,0.122,-0.065,0.043,-0.102,0.01,0.107
"protein_Meat",0.387,0.381,0.609,0.047,-0.604,0.418,0.097,0.121,0.943,0.306,0.222,0.241,-0.081,-0.458,-0.189,-0.274,0.207,0.393,-0.174,0.027,0.061,-0.036,-0.609,0.623,0.381,-0.057,0.491,0.757,0.472,0.045,-0.678,0.485,0.142,0.065,0.912,0.359,0.3,0.34,-0.126,-0.44,-0.156,-0.253,0.374,-0.171,0.514,0.148,-0.758,0.272,0.052,-0.037,0.647,0.411,0.062,-0.574,0.256,-0.101,-0.082,0.702,0.172,0.146,0.021,-0.297,-0.48,-0.262,-0.325,0.27,-0.172,-0.084,0.001,-0.647,-0.255,-0.213,0.209,0.853,0.323,0.057,-0.719,0.446,0.044,-0.006,1,0.354,0.297,-0.267,-0.47,-0.226,-0.222,0.263,-0.175,0.073,0.079,-0.853,0.34,-0.058,0.285
"protein_Milk...Excluding.Butter",0.253,0.532,0.871,-0.098,-0.532,0.31,-0.223,-0.118,0.283,0.93,0.013,-0.061,-0.272,-0.347,-0.146,-0.464,0.27,0.227,-0.123,0.04,-0.116,0.208,-0.871,0.508,0.537,-0.047,0.46,0.777,0.577,-0.097,-0.486,0.479,-0.12,-0.03,0.417,0.962,0.076,0.1,-0.364,-0.322,-0.102,-0.44,0.548,-0.134,0.371,0.254,-0.777,0.194,0.339,-0.13,0.671,0.562,-0.106,-0.491,0.291,-0.266,-0.121,0.152,-0.03,0.865,-0.165,-0.445,-0.339,-0.2,-0.466,0.465,-0.133,-0.131,0.162,-0.671,-0.274,0.048,0.176,0.664,0.392,-0.103,-0.468,0.423,-0.261,-0.126,0.354,1,-0.035,-0.493,-0.36,-0.144,-0.351,0.326,-0.173,0.078,0.163,-0.664,0.491,0.143,0.034
"protein_Offals",0.043,-0.017,0.091,0.033,-0.098,-0.041,-0.085,-0.045,0.261,0.009,-0.026,0.927,-0.066,-0.194,-0.195,0.096,-0.054,-0.086,0.032,-0.109,-0.127,0.001,-0.091,-0.082,-0.048,0.132,0.077,0.171,-0.005,0.043,-0.08,0.013,-0.083,-0.018,0.319,0.027,0,0.959,0,-0.203,-0.182,0.108,0.051,0.026,-0.119,-0.097,-0.171,-0.114,0.031,0.034,0.197,-0.018,0.089,0.013,-0.034,-0.107,-0.033,0.352,-0.031,0.008,0.861,-0.029,-0.187,-0.183,0.021,0.06,0.008,0.063,-0.107,-0.197,-0.188,-0.001,0.046,0.192,-0.027,0.039,-0.147,-0.014,-0.1,-0.053,0.297,-0.035,1,0.044,-0.217,-0.164,0.046,0.033,0.038,0.023,-0.097,-0.192,-0.158,0.014,-0.019
"protein_Oilcrops",0.037,-0.267,-0.408,0.104,0.216,-0.24,0.246,-0.046,-0.228,-0.432,-0.058,0.107,0.5,0.178,-0.015,0.247,-0.18,-0.234,0.041,-0.11,0.04,-0.2,0.408,-0.408,-0.368,0.02,-0.186,-0.388,-0.284,0.101,0.156,-0.301,0.193,-0.023,-0.244,-0.475,-0.1,0,0.73,0.177,-0.015,0.261,-0.317,0.046,-0.329,-0.196,0.388,-0.096,-0.218,0.285,-0.442,-0.331,0.11,0.227,-0.285,0.223,-0.002,-0.184,-0.073,-0.484,0.076,0.705,0.144,0.011,0.236,-0.314,0.03,0.042,-0.231,0.442,0.009,-0.106,0.096,-0.34,-0.208,0.111,0.083,-0.287,0.269,0.022,-0.267,-0.493,0.044,1,0.177,0.018,0.184,-0.226,0.047,-0.024,-0.165,0.34,-0.233,-0.105,-0.094
"protein_Pulses",-0.18,-0.338,-0.481,-0.077,0.182,-0.364,-0.219,0.175,-0.414,-0.319,-0.092,-0.157,0.012,0.949,0.076,0.373,-0.192,-0.19,-0.001,-0.153,-0.049,-0.179,0.481,-0.38,-0.315,0.051,-0.313,-0.532,-0.355,-0.073,0.172,-0.443,-0.257,0.186,-0.476,-0.356,-0.142,-0.243,0.093,0.991,0.042,0.37,-0.393,-0.005,-0.25,-0.255,0.532,-0.179,-0.262,-0.082,-0.478,-0.332,-0.087,0.365,-0.364,-0.136,0.424,-0.349,-0.084,-0.223,-0.037,0.225,0.903,0.144,0.452,-0.36,0.004,0.007,-0.199,0.478,0.177,-0.094,-0.075,-0.591,-0.292,-0.08,0.182,-0.427,-0.206,0.218,-0.47,-0.36,-0.217,0.177,1,0.059,0.286,-0.269,-0.044,-0.033,-0.223,0.591,-0.265,-0.205,-0.123
"protein_Spices",-0.062,-0.181,-0.213,-0.033,0.111,-0.012,0.181,0.038,-0.19,-0.21,0.017,-0.163,0.062,0.068,0.957,0.037,-0.078,-0.078,0.153,0.092,-0.138,0.08,0.213,-0.167,-0.103,0.089,-0.027,-0.196,-0.151,-0.045,0.116,-0.059,0.144,0.022,-0.229,-0.135,0.025,-0.175,0.056,0.059,0.968,0.067,-0.117,0.166,-0.058,0.013,0.196,-0.166,0.049,-0.055,-0.16,-0.127,-0.024,0.004,0.068,0.219,-0.004,-0.177,0.075,-0.082,-0.105,0.166,0.142,0.865,0.106,-0.074,0.174,0.005,0.059,0.16,0.005,0.167,-0.022,-0.15,-0.134,-0.026,0.055,-0.02,0.21,0.021,-0.226,-0.144,-0.164,0.018,0.059,1,0.1,-0.077,0.116,-0.038,0.014,0.15,-0.085,0.122,0.027
"protein_Starchy.Roots",-0.044,-0.145,-0.425,-0.06,-0.218,-0.397,-0.086,0.055,-0.347,-0.319,-0.15,-0.086,0.184,0.132,-0.026,0.935,-0.277,-0.389,-0.03,-0.049,-0.213,-0.306,0.425,-0.235,-0.185,-0.069,-0.074,-0.348,-0.184,-0.056,-0.196,-0.364,-0.015,0.183,-0.265,-0.351,-0.17,-0.046,0.225,0.231,0.019,0.942,-0.183,-0.032,-0.44,-0.127,0.348,-0.165,-0.246,-0.057,-0.34,-0.207,-0.065,0.066,-0.335,0.109,0.234,-0.187,-0.113,-0.318,0.073,0.299,0.292,0.125,0.901,-0.094,-0.056,-0.07,-0.118,0.34,0.106,-0.094,0.115,-0.31,-0.097,-0.053,-0.08,-0.347,0.087,0.225,-0.222,-0.351,0.046,0.184,0.286,0.1,1,-0.166,0.017,-0.021,-0.075,0.31,-0.176,-0.15,-0.166
"protein_Stimulants",0.115,0.322,0.338,-0.044,-0.25,0.242,-0.023,-0.053,0.19,0.304,0.069,-0.035,-0.142,-0.269,-0.095,-0.17,0.869,0.186,0.006,0.075,-0.053,0.069,-0.338,0.258,0.279,-0.069,0.321,0.386,0.291,-0.041,-0.261,0.329,0.049,-0.051,0.323,0.305,0.119,0.059,-0.171,-0.265,-0.061,-0.163,0.639,0.044,0.123,0.123,-0.386,0.094,0.125,-0.082,0.333,0.26,-0.043,-0.236,0.213,-0.038,-0.071,0.219,0.051,0.207,-0.102,-0.215,-0.265,-0.065,-0.175,0.456,0.111,0.028,0.067,-0.333,-0.165,0.039,0.055,0.347,0.287,-0.043,-0.271,0.302,-0.025,-0.078,0.263,0.326,0.033,-0.226,-0.269,-0.077,-0.166,1,-0.032,-0.048,0.088,-0.347,0.182,0.086,0.092
"protein_Sugar.Crops",-0.202,-0.141,-0.166,-0.008,0.166,-0.069,0.065,0.034,-0.159,-0.143,-0.06,0.018,-0.044,-0.058,0.094,0.038,0.027,-0.174,0.865,-0.051,-0.065,0.075,0.167,-0.172,-0.157,0.038,-0.176,-0.178,-0.13,-0.012,0.239,-0.089,0.078,0.035,-0.167,-0.161,-0.085,-0.008,-0.03,-0.054,0.108,0.029,-0.131,0.854,-0.175,-0.089,0.177,-0.102,0.032,-0.029,-0.105,-0.095,0,0.213,-0.019,0.178,0.007,-0.073,-0.031,-0.105,0.096,0.005,-0.029,0.106,0.062,-0.146,0.668,-0.024,-0.066,0.105,0.026,0.188,-0.18,-0.173,-0.112,-0.012,0.199,-0.096,0.074,0.069,-0.175,-0.173,0.038,0.047,-0.044,0.116,0.017,-0.032,1,0.062,-0.093,0.173,-0.064,0.115,-0.09
"protein_Sugar...Sweeteners",0.029,-0.018,0.062,0.115,-0.067,0.135,-0.028,0.109,0.036,0.056,-0.095,-0.021,-0.043,-0.051,-0.045,-0.027,-0.06,0.078,-0.004,0,0.013,-0.051,-0.062,0.016,0.166,0.112,0.011,0.033,-0.008,0.114,-0.089,0.144,-0.013,0.106,0.033,0.03,-0.098,-0.008,-0.049,-0.04,-0.044,-0.026,-0.041,0.009,0.184,-0.002,-0.034,0.07,-0.042,0.077,0.034,-0.012,0.115,-0.114,0.151,-0.014,0.038,0.035,-0.101,0.021,-0.044,-0.068,-0.04,-0.049,-0.018,-0.046,-0.009,0.041,-0.008,-0.034,0.067,-0.048,0.045,0.097,-0.012,0.114,-0.099,0.182,-0.016,0.122,0.073,0.078,0.023,-0.024,-0.033,-0.038,-0.021,-0.048,0.062,1,0.007,-0.097,0.079,-0.038,-0.1
"protein_Treenuts",-0.024,0.196,0.181,0.034,-0.142,0.16,0.069,-0.05,0.079,0.149,0.008,-0.116,-0.169,-0.22,0.006,-0.127,0.038,-0.067,-0.116,0.853,0.168,0.294,-0.181,0.221,0.184,0.06,-0.004,0.166,0.169,0.035,-0.133,0.218,0.087,-0.039,0.08,0.14,0.015,-0.074,-0.181,-0.208,0.033,-0.127,0.137,-0.108,0.007,0.951,-0.165,0.289,0.281,-0.015,0.067,0.146,0.041,-0.295,0.164,0.04,-0.12,-0.067,-0.001,0.073,-0.177,-0.219,-0.177,0.016,-0.155,0.118,-0.102,-0.046,0.905,-0.067,0.105,0.153,-0.014,0.15,0.143,0.032,-0.102,0.185,0.021,-0.065,0.079,0.163,-0.097,-0.165,-0.223,0.014,-0.075,0.088,-0.093,0.007,1,-0.15,0.149,0.244,-0.008
"protein_Vegetal.Products",-0.386,-0.527,-0.837,-0.062,0.697,-0.546,-0.279,-0.047,-0.785,-0.572,-0.249,-0.129,0.09,0.587,0.115,0.41,-0.282,-0.397,0.187,-0.077,0.054,-0.051,0.837,-0.618,-0.468,0.028,-0.581,-0.935,-0.613,-0.057,0.751,-0.675,-0.366,-0.059,-0.848,-0.668,-0.338,-0.29,0.166,0.556,0.079,0.367,-0.552,0.18,-0.531,-0.262,0.935,-0.244,-0.201,0.037,-0.789,-0.553,-0.076,0.709,-0.453,-0.106,0.118,-0.57,-0.212,-0.437,0.088,0.321,0.579,0.229,0.427,-0.434,0.178,0.038,-0.119,0.789,0.364,0.122,-0.241,-1,-0.444,-0.067,0.825,-0.615,-0.241,0.043,-0.853,-0.664,-0.192,0.34,0.591,0.15,0.31,-0.347,0.173,-0.097,-0.15,1,-0.454,-0.036,-0.29
"protein_Vegetable.Oils",0.285,0.516,0.533,-0.075,-0.38,0.23,-0.043,-0.097,0.304,0.493,0.148,-0.169,-0.147,-0.265,-0.077,-0.247,0.194,0.227,-0.016,0.021,0.016,0.011,-0.533,0.379,0.364,-0.058,0.358,0.483,0.593,-0.075,-0.414,0.309,0.008,-0.078,0.282,0.411,0.183,-0.114,-0.193,-0.247,-0.069,-0.243,0.21,-0.031,0.34,0.183,-0.484,0.338,0.082,-0.098,0.359,0.54,-0.072,-0.409,0.133,-0.117,-0.106,0.049,0.08,0.272,-0.289,-0.27,-0.282,-0.153,-0.281,0.113,-0.046,-0.118,0.084,-0.359,-0.023,-0.101,0.191,0.454,0.52,-0.077,-0.351,0.309,-0.058,-0.102,0.34,0.491,-0.158,-0.233,-0.265,-0.085,-0.176,0.182,-0.064,0.079,0.149,-0.454,1,0.021,0.157
"protein_Vegetables",-0.205,-0.009,-0.007,0.202,-0.162,0.069,-0.052,-0.007,-0.127,0.041,-0.097,-0.079,-0.155,-0.236,0.074,-0.194,0.009,-0.119,0.161,0.226,-0.082,0.89,0.007,0.071,0.1,0.129,-0.035,0.085,0.015,0.206,-0.016,0.164,-0.031,0.047,0.015,0.152,-0.049,0.04,-0.146,-0.192,0.146,-0.168,0.174,0.188,-0.069,0.295,-0.085,0.062,0.931,0.116,0.106,0.027,0.224,-0.175,0.166,-0.068,-0.076,0.027,-0.058,0.177,-0.01,-0.155,-0.177,0.097,-0.2,0.202,0.215,-0.032,0.284,-0.106,-0.004,0.911,-0.08,0.036,0.009,0.198,-0.054,0.143,-0.055,0.01,-0.058,0.143,0.014,-0.105,-0.205,0.122,-0.15,0.086,0.115,-0.038,0.244,-0.036,0.021,1,-0.057
"protein_Miscellaneous",-0.001,-0.07,0.074,-0.063,-0.17,0.121,0.371,0.218,0.317,-0.113,0.901,-0.006,0.017,-0.099,0.092,-0.184,0.085,0.376,-0.106,-0.035,0.115,-0.064,-0.074,0.204,-0.124,-0.07,0.061,0.21,-0.015,-0.059,-0.203,0.089,0.351,0.133,0.272,0.1,0.978,0.007,-0.009,-0.117,0.109,-0.169,0.293,-0.099,0.258,0.012,-0.21,0.027,-0.042,-0.081,0.161,-0.022,-0.036,-0.156,0.052,0.248,-0.015,0.22,0.917,0.028,-0.108,-0.06,-0.16,0.056,-0.163,0.3,-0.083,-0.066,0.01,-0.161,-0.101,-0.099,-0.116,0.29,0.005,-0.058,-0.263,0.06,0.296,0.107,0.285,0.034,-0.019,-0.094,-0.123,0.027,-0.166,0.092,-0.09,-0.1,-0.008,-0.29,0.157,-0.057,1
